node_id,target,node_content
0,0,"<{ <TABLE BORDER=""0"" CELLPADDING=""1"" ALIGN=""LEFT""><TR><TD >0x400530</TD><TD >(0x400530)</TD><TD></TD><TD></TD></TR></TABLE>|<TABLE BORDER=""0"" CELLPADDING=""1"" ALIGN=""LEFT""><TR><TD ALIGN=""LEFT"">0x00400530&#58;&nbsp;</TD><TD ALIGN=""LEFT"">jmp</TD><TD ALIGN=""LEFT"">qword ptr [rip + 0x201ae2]</TD><TD></TD></TR></TABLE> }>"
1,0,"<{ <TABLE BORDER=""0"" CELLPADDING=""1"" ALIGN=""LEFT""><TR><TD >0x700000</TD><TD >(0x700000)</TD><TD ><B>putchar</B></TD><TD >SIMP</TD></TR></TABLE> }>"
2,0,"<{ <TABLE BORDER=""0"" CELLPADDING=""1"" ALIGN=""LEFT""><TR><TD >0x400540</TD><TD >(0x400540)</TD><TD></TD><TD></TD></TR></TABLE>|<TABLE BORDER=""0"" CELLPADDING=""1"" ALIGN=""LEFT""><TR><TD ALIGN=""LEFT"">0x00400540&#58;&nbsp;</TD><TD ALIGN=""LEFT"">jmp</TD><TD ALIGN=""LEFT"">qword ptr [rip + 0x201ada]</TD><TD></TD></TR></TABLE> }>"
3,0,"<{ <TABLE BORDER=""0"" CELLPADDING=""1"" ALIGN=""LEFT""><TR><TD >0x700008</TD><TD >(0x700008)</TD><TD ><B>strlen</B></TD><TD >SIMP</TD></TR></TABLE> }>"
4,0,"<{ <TABLE BORDER=""0"" CELLPADDING=""1"" ALIGN=""LEFT""><TR><TD >0x400550</TD><TD >(0x400550)</TD><TD></TD><TD></TD></TR></TABLE>|<TABLE BORDER=""0"" CELLPADDING=""1"" ALIGN=""LEFT""><TR><TD ALIGN=""LEFT"">0x00400550&#58;&nbsp;</TD><TD ALIGN=""LEFT"">jmp</TD><TD ALIGN=""LEFT"">qword ptr [rip + 0x201ad2]</TD><TD></TD></TR></TABLE> }>"
5,0,"<{ <TABLE BORDER=""0"" CELLPADDING=""1"" ALIGN=""LEFT""><TR><TD >0x700010</TD><TD >(0x700010)</TD><TD ><B>__stack_chk_fail</B></TD><TD >SIMP</TD></TR></TABLE> }>"
6,0,"<{ <TABLE BORDER=""0"" CELLPADDING=""1"" ALIGN=""LEFT""><TR><TD >0x400560</TD><TD >(0x400560)</TD><TD></TD><TD></TD></TR></TABLE>|<TABLE BORDER=""0"" CELLPADDING=""1"" ALIGN=""LEFT""><TR><TD ALIGN=""LEFT"">0x00400560&#58;&nbsp;</TD><TD ALIGN=""LEFT"">jmp</TD><TD ALIGN=""LEFT"">qword ptr [rip + 0x201aca]</TD><TD></TD></TR></TABLE> }>"
7,0,"<{ <TABLE BORDER=""0"" CELLPADDING=""1"" ALIGN=""LEFT""><TR><TD >0x700018</TD><TD >(0x700018)</TD><TD ><B>printf</B></TD><TD >SIMP</TD></TR></TABLE> }>"
8,0,"<{ <TABLE BORDER=""0"" CELLPADDING=""1"" ALIGN=""LEFT""><TR><TD >0x400580</TD><TD >(0x400580)</TD><TD></TD><TD></TD></TR></TABLE>|<TABLE BORDER=""0"" CELLPADDING=""1"" ALIGN=""LEFT""><TR><TD ALIGN=""LEFT"">0x00400580&#58;&nbsp;</TD><TD ALIGN=""LEFT"">jmp</TD><TD ALIGN=""LEFT"">qword ptr [rip + 0x201aba]</TD><TD></TD></TR></TABLE> }>"
9,0,"<{ <TABLE BORDER=""0"" CELLPADDING=""1"" ALIGN=""LEFT""><TR><TD >0x700028</TD><TD >(0x700028)</TD><TD ><B>__isoc99_sscanf</B></TD><TD >SIMP</TD></TR></TABLE> }>"
10,0,"<{ <TABLE BORDER=""0"" CELLPADDING=""1"" ALIGN=""LEFT""><TR><TD >0x400696</TD><TD >(0x400696)</TD><TD ><B>victim_function</B></TD><TD></TD></TR></TABLE>|<TABLE BORDER=""0"" CELLPADDING=""1"" ALIGN=""LEFT""><TR><TD ALIGN=""LEFT"">0x00400696&#58;&nbsp;</TD><TD ALIGN=""LEFT"">push</TD><TD ALIGN=""LEFT"">rbp</TD><TD></TD></TR><TR><TD ALIGN=""LEFT"">0x00400697&#58;&nbsp;</TD><TD ALIGN=""LEFT"">mov</TD><TD ALIGN=""LEFT"">rbp, rsp</TD><TD></TD></TR><TR><TD ALIGN=""LEFT"">0x0040069a&#58;&nbsp;</TD><TD ALIGN=""LEFT"">mov</TD><TD ALIGN=""LEFT"">qword ptr [rbp - 8], rdi</TD><TD></TD></TR><TR><TD ALIGN=""LEFT"">0x0040069e&#58;&nbsp;</TD><TD ALIGN=""LEFT"">mov</TD><TD ALIGN=""LEFT"">eax, dword ptr [rip + 0x2019dc]</TD><TD></TD></TR><TR><TD ALIGN=""LEFT"">0x004006a4&#58;&nbsp;</TD><TD ALIGN=""LEFT"">mov</TD><TD ALIGN=""LEFT"">eax, eax</TD><TD></TD></TR><TR><TD ALIGN=""LEFT"">0x004006a6&#58;&nbsp;</TD><TD ALIGN=""LEFT"">cmp</TD><TD ALIGN=""LEFT"">rax, qword ptr [rbp - 8]</TD><TD></TD></TR><TR><TD ALIGN=""LEFT"">0x004006aa&#58;&nbsp;</TD><TD ALIGN=""LEFT"">jbe</TD><TD ALIGN=""LEFT"">0x4006d7</TD><TD></TD></TR></TABLE> }>"
11,1,"<{ <TABLE BORDER=""0"" CELLPADDING=""1"" ALIGN=""LEFT""><TR><TD >0x4006ac</TD><TD >(0x400696)</TD><TD ><B>victim_function+0x16</B></TD><TD></TD></TR></TABLE>|<TABLE BORDER=""0"" CELLPADDING=""1"" ALIGN=""LEFT""><TR><TD ALIGN=""LEFT"">0x004006ac&#58;&nbsp;</TD><TD ALIGN=""LEFT"">mov</TD><TD ALIGN=""LEFT"">rax, qword ptr [rbp - 8]</TD><TD></TD></TR><TR><TD ALIGN=""LEFT"">0x004006b0&#58;&nbsp;</TD><TD ALIGN=""LEFT"">add</TD><TD ALIGN=""LEFT"">rax, 0x6020a0</TD><TD></TD></TR><TR><TD ALIGN=""LEFT"">0x004006b6&#58;&nbsp;</TD><TD ALIGN=""LEFT"">movzx</TD><TD ALIGN=""LEFT"">eax, byte ptr [rax]</TD><TD></TD></TR><TR><TD ALIGN=""LEFT"">0x004006b9&#58;&nbsp;</TD><TD ALIGN=""LEFT"">movzx</TD><TD ALIGN=""LEFT"">eax, al</TD><TD></TD></TR><TR><TD ALIGN=""LEFT"">0x004006bc&#58;&nbsp;</TD><TD ALIGN=""LEFT"">shl</TD><TD ALIGN=""LEFT"">eax, 9</TD><TD></TD></TR><TR><TD ALIGN=""LEFT"">0x004006bf&#58;&nbsp;</TD><TD ALIGN=""LEFT"">cdqe</TD><TD></TD><TD></TD></TR><TR><TD ALIGN=""LEFT"">0x004006c1&#58;&nbsp;</TD><TD ALIGN=""LEFT"">movzx</TD><TD ALIGN=""LEFT"">edx, byte ptr [rax + 0x6025e0]</TD><TD></TD></TR><TR><TD ALIGN=""LEFT"">0x004006c8&#58;&nbsp;</TD><TD ALIGN=""LEFT"">movzx</TD><TD ALIGN=""LEFT"">eax, byte ptr [rip + 0x201ab1]</TD><TD></TD></TR><TR><TD ALIGN=""LEFT"">0x004006cf&#58;&nbsp;</TD><TD ALIGN=""LEFT"">and</TD><TD ALIGN=""LEFT"">eax, edx</TD><TD></TD></TR><TR><TD ALIGN=""LEFT"">0x004006d1&#58;&nbsp;</TD><TD ALIGN=""LEFT"">mov</TD><TD ALIGN=""LEFT"">byte ptr [rip + 0x201aa9], al</TD><TD></TD></TR></TABLE> }>"
12,0,"<{ <TABLE BORDER=""0"" CELLPADDING=""1"" ALIGN=""LEFT""><TR><TD >0x4006d7</TD><TD >(0x400696)</TD><TD ><B>victim_function+0x41</B></TD><TD></TD></TR></TABLE>|<TABLE BORDER=""0"" CELLPADDING=""1"" ALIGN=""LEFT""><TR><TD ALIGN=""LEFT"">0x004006d7&#58;&nbsp;</TD><TD ALIGN=""LEFT"">nop</TD><TD></TD><TD></TD></TR><TR><TD ALIGN=""LEFT"">0x004006d8&#58;&nbsp;</TD><TD ALIGN=""LEFT"">pop</TD><TD ALIGN=""LEFT"">rbp</TD><TD></TD></TR><TR><TD ALIGN=""LEFT"">0x004006d9&#58;&nbsp;</TD><TD ALIGN=""LEFT"">ret</TD><TD></TD><TD></TD></TR></TABLE> }>"
13,0,"<{ <TABLE BORDER=""0"" CELLPADDING=""1"" ALIGN=""LEFT""><TR><TD >0x400811</TD><TD >(0x4006da)</TD><TD ><B>readMemoryByte+0x137</B></TD><TD></TD></TR></TABLE>|<TABLE BORDER=""0"" CELLPADDING=""1"" ALIGN=""LEFT""><TR><TD ALIGN=""LEFT"">0x00400811&#58;&nbsp;</TD><TD ALIGN=""LEFT"">sub</TD><TD ALIGN=""LEFT"">dword ptr [rbp - 0x5c], 1</TD><TD></TD></TR></TABLE> }>"
14,0,"<{ <TABLE BORDER=""0"" CELLPADDING=""1"" ALIGN=""LEFT""><TR><TD >0x4006da</TD><TD >(0x4006da)</TD><TD ><B>readMemoryByte</B></TD><TD></TD></TR></TABLE>|<TABLE BORDER=""0"" CELLPADDING=""1"" ALIGN=""LEFT""><TR><TD ALIGN=""LEFT"">0x004006da&#58;&nbsp;</TD><TD ALIGN=""LEFT"">push</TD><TD ALIGN=""LEFT"">rbp</TD><TD></TD></TR><TR><TD ALIGN=""LEFT"">0x004006db&#58;&nbsp;</TD><TD ALIGN=""LEFT"">mov</TD><TD ALIGN=""LEFT"">rbp, rsp</TD><TD></TD></TR><TR><TD ALIGN=""LEFT"">0x004006de&#58;&nbsp;</TD><TD ALIGN=""LEFT"">push</TD><TD ALIGN=""LEFT"">rbx</TD><TD></TD></TR><TR><TD ALIGN=""LEFT"">0x004006df&#58;&nbsp;</TD><TD ALIGN=""LEFT"">sub</TD><TD ALIGN=""LEFT"">rsp, 0x88</TD><TD></TD></TR><TR><TD ALIGN=""LEFT"">0x004006e6&#58;&nbsp;</TD><TD ALIGN=""LEFT"">mov</TD><TD ALIGN=""LEFT"">qword ptr [rbp - 0x78], rdi</TD><TD></TD></TR><TR><TD ALIGN=""LEFT"">0x004006ea&#58;&nbsp;</TD><TD ALIGN=""LEFT"">mov</TD><TD ALIGN=""LEFT"">qword ptr [rbp - 0x80], rsi</TD><TD></TD></TR><TR><TD ALIGN=""LEFT"">0x004006ee&#58;&nbsp;</TD><TD ALIGN=""LEFT"">mov</TD><TD ALIGN=""LEFT"">qword ptr [rbp - 0x88], rdx</TD><TD></TD></TR><TR><TD ALIGN=""LEFT"">0x004006f5&#58;&nbsp;</TD><TD ALIGN=""LEFT"">mov</TD><TD ALIGN=""LEFT"">rax, qword ptr fs&#58;[0x28]</TD><TD></TD></TR><TR><TD ALIGN=""LEFT"">0x004006fe&#58;&nbsp;</TD><TD ALIGN=""LEFT"">mov</TD><TD ALIGN=""LEFT"">qword ptr [rbp - 0x18], rax</TD><TD></TD></TR><TR><TD ALIGN=""LEFT"">0x00400702&#58;&nbsp;</TD><TD ALIGN=""LEFT"">xor</TD><TD ALIGN=""LEFT"">eax, eax</TD><TD></TD></TR><TR><TD ALIGN=""LEFT"">0x00400704&#58;&nbsp;</TD><TD ALIGN=""LEFT"">mov</TD><TD ALIGN=""LEFT"">dword ptr [rbp - 0x6c], 0</TD><TD></TD></TR><TR><TD ALIGN=""LEFT"">0x0040070b&#58;&nbsp;</TD><TD ALIGN=""LEFT"">mov</TD><TD ALIGN=""LEFT"">dword ptr [rbp - 0x60], 0</TD><TD></TD></TR><TR><TD ALIGN=""LEFT"">0x00400712&#58;&nbsp;</TD><TD ALIGN=""LEFT"">jmp</TD><TD ALIGN=""LEFT"">0x400728</TD><TD></TD></TR></TABLE> }>"
15,0,"<{ <TABLE BORDER=""0"" CELLPADDING=""1"" ALIGN=""LEFT""><TR><TD >0x400728</TD><TD >(0x4006da)</TD><TD ><B>readMemoryByte+0x4e</B></TD><TD></TD></TR></TABLE>|<TABLE BORDER=""0"" CELLPADDING=""1"" ALIGN=""LEFT""><TR><TD ALIGN=""LEFT"">0x00400728&#58;&nbsp;</TD><TD ALIGN=""LEFT"">cmp</TD><TD ALIGN=""LEFT"">dword ptr [rbp - 0x60], 0xff</TD><TD></TD></TR><TR><TD ALIGN=""LEFT"">0x0040072f&#58;&nbsp;</TD><TD ALIGN=""LEFT"">jle</TD><TD ALIGN=""LEFT"">0x400714</TD><TD></TD></TR></TABLE> }>"
16,0,"<{ <TABLE BORDER=""0"" CELLPADDING=""1"" ALIGN=""LEFT""><TR><TD >0x400714</TD><TD >(0x4006da)</TD><TD ><B>readMemoryByte+0x3a</B></TD><TD></TD></TR></TABLE>|<TABLE BORDER=""0"" CELLPADDING=""1"" ALIGN=""LEFT""><TR><TD ALIGN=""LEFT"">0x00400714&#58;&nbsp;</TD><TD ALIGN=""LEFT"">mov</TD><TD ALIGN=""LEFT"">eax, dword ptr [rbp - 0x60]</TD><TD></TD></TR><TR><TD ALIGN=""LEFT"">0x00400717&#58;&nbsp;</TD><TD ALIGN=""LEFT"">cdqe</TD><TD></TD><TD></TD></TR><TR><TD ALIGN=""LEFT"">0x00400719&#58;&nbsp;</TD><TD ALIGN=""LEFT"">mov</TD><TD ALIGN=""LEFT"">dword ptr [rax*4 + 0x6021a0], 0</TD><TD></TD></TR><TR><TD ALIGN=""LEFT"">0x00400724&#58;&nbsp;</TD><TD ALIGN=""LEFT"">add</TD><TD ALIGN=""LEFT"">dword ptr [rbp - 0x60], 1</TD><TD></TD></TR></TABLE> }>"
17,0,"<{ <TABLE BORDER=""0"" CELLPADDING=""1"" ALIGN=""LEFT""><TR><TD >0x400731</TD><TD >(0x4006da)</TD><TD ><B>readMemoryByte+0x57</B></TD><TD></TD></TR></TABLE>|<TABLE BORDER=""0"" CELLPADDING=""1"" ALIGN=""LEFT""><TR><TD ALIGN=""LEFT"">0x00400731&#58;&nbsp;</TD><TD ALIGN=""LEFT"">mov</TD><TD ALIGN=""LEFT"">dword ptr [rbp - 0x64], 0x3e7</TD><TD></TD></TR><TR><TD ALIGN=""LEFT"">0x00400738&#58;&nbsp;</TD><TD ALIGN=""LEFT"">jmp</TD><TD ALIGN=""LEFT"">0x4009b1</TD><TD></TD></TR></TABLE> }>"
18,0,"<{ <TABLE BORDER=""0"" CELLPADDING=""1"" ALIGN=""LEFT""><TR><TD >0x4009b1</TD><TD >(0x4006da)</TD><TD ><B>readMemoryByte+0x2d7</B></TD><TD></TD></TR></TABLE>|<TABLE BORDER=""0"" CELLPADDING=""1"" ALIGN=""LEFT""><TR><TD ALIGN=""LEFT"">0x004009b1&#58;&nbsp;</TD><TD ALIGN=""LEFT"">cmp</TD><TD ALIGN=""LEFT"">dword ptr [rbp - 0x64], 0</TD><TD></TD></TR><TR><TD ALIGN=""LEFT"">0x004009b5&#58;&nbsp;</TD><TD ALIGN=""LEFT"">jg</TD><TD ALIGN=""LEFT"">0x40073d</TD><TD></TD></TR></TABLE> }>"
19,0,"<{ <TABLE BORDER=""0"" CELLPADDING=""1"" ALIGN=""LEFT""><TR><TD >0x40073d</TD><TD >(0x4006da)</TD><TD ><B>readMemoryByte+0x63</B></TD><TD></TD></TR></TABLE>|<TABLE BORDER=""0"" CELLPADDING=""1"" ALIGN=""LEFT""><TR><TD ALIGN=""LEFT"">0x0040073d&#58;&nbsp;</TD><TD ALIGN=""LEFT"">mov</TD><TD ALIGN=""LEFT"">dword ptr [rbp - 0x60], 0</TD><TD></TD></TR><TR><TD ALIGN=""LEFT"">0x00400744&#58;&nbsp;</TD><TD ALIGN=""LEFT"">jmp</TD><TD ALIGN=""LEFT"">0x400763</TD><TD></TD></TR></TABLE> }>"
20,0,"<{ <TABLE BORDER=""0"" CELLPADDING=""1"" ALIGN=""LEFT""><TR><TD >0x400763</TD><TD >(0x4006da)</TD><TD ><B>readMemoryByte+0x89</B></TD><TD></TD></TR></TABLE>|<TABLE BORDER=""0"" CELLPADDING=""1"" ALIGN=""LEFT""><TR><TD ALIGN=""LEFT"">0x00400763&#58;&nbsp;</TD><TD ALIGN=""LEFT"">cmp</TD><TD ALIGN=""LEFT"">dword ptr [rbp - 0x60], 0xff</TD><TD></TD></TR><TR><TD ALIGN=""LEFT"">0x0040076a&#58;&nbsp;</TD><TD ALIGN=""LEFT"">jle</TD><TD ALIGN=""LEFT"">0x400746</TD><TD></TD></TR></TABLE> }>"
21,1,"<{ <TABLE BORDER=""0"" CELLPADDING=""1"" ALIGN=""LEFT""><TR><TD >0x400746</TD><TD >(0x4006da)</TD><TD ><B>readMemoryByte+0x6c</B></TD><TD></TD></TR></TABLE>|<TABLE BORDER=""0"" CELLPADDING=""1"" ALIGN=""LEFT""><TR><TD ALIGN=""LEFT"">0x00400746&#58;&nbsp;</TD><TD ALIGN=""LEFT"">mov</TD><TD ALIGN=""LEFT"">eax, dword ptr [rbp - 0x60]</TD><TD></TD></TR><TR><TD ALIGN=""LEFT"">0x00400749&#58;&nbsp;</TD><TD ALIGN=""LEFT"">shl</TD><TD ALIGN=""LEFT"">eax, 9</TD><TD></TD></TR><TR><TD ALIGN=""LEFT"">0x0040074c&#58;&nbsp;</TD><TD ALIGN=""LEFT"">cdqe</TD><TD></TD><TD></TD></TR><TR><TD ALIGN=""LEFT"">0x0040074e&#58;&nbsp;</TD><TD ALIGN=""LEFT"">add</TD><TD ALIGN=""LEFT"">rax, 0x6025e0</TD><TD></TD></TR><TR><TD ALIGN=""LEFT"">0x00400754&#58;&nbsp;</TD><TD ALIGN=""LEFT"">mov</TD><TD ALIGN=""LEFT"">qword ptr [rbp - 0x20], rax</TD><TD></TD></TR><TR><TD ALIGN=""LEFT"">0x00400758&#58;&nbsp;</TD><TD ALIGN=""LEFT"">mov</TD><TD ALIGN=""LEFT"">rax, qword ptr [rbp - 0x20]</TD><TD></TD></TR><TR><TD ALIGN=""LEFT"">0x0040075c&#58;&nbsp;</TD><TD ALIGN=""LEFT"">clflush</TD><TD ALIGN=""LEFT"">byte ptr [rax]</TD><TD></TD></TR></TABLE> }>"
22,0,"<{ <TABLE BORDER=""0"" CELLPADDING=""1"" ALIGN=""LEFT""><TR><TD >0x40075f</TD><TD >(0x4006da)</TD><TD ><B>readMemoryByte+0x85</B></TD><TD></TD></TR></TABLE>|<TABLE BORDER=""0"" CELLPADDING=""1"" ALIGN=""LEFT""><TR><TD ALIGN=""LEFT"">0x0040075f&#58;&nbsp;</TD><TD ALIGN=""LEFT"">add</TD><TD ALIGN=""LEFT"">dword ptr [rbp - 0x60], 1</TD><TD></TD></TR></TABLE> }>"
23,0,"<{ <TABLE BORDER=""0"" CELLPADDING=""1"" ALIGN=""LEFT""><TR><TD >0x40076c</TD><TD >(0x4006da)</TD><TD ><B>readMemoryByte+0x92</B></TD><TD></TD></TR></TABLE>|<TABLE BORDER=""0"" CELLPADDING=""1"" ALIGN=""LEFT""><TR><TD ALIGN=""LEFT"">0x0040076c&#58;&nbsp;</TD><TD ALIGN=""LEFT"">mov</TD><TD ALIGN=""LEFT"">eax, dword ptr [rbp - 0x64]</TD><TD></TD></TR><TR><TD ALIGN=""LEFT"">0x0040076f&#58;&nbsp;</TD><TD ALIGN=""LEFT"">mov</TD><TD ALIGN=""LEFT"">ecx, dword ptr [rip + 0x20190b]</TD><TD></TD></TR><TR><TD ALIGN=""LEFT"">0x00400775&#58;&nbsp;</TD><TD ALIGN=""LEFT"">mov</TD><TD ALIGN=""LEFT"">edx, 0</TD><TD></TD></TR><TR><TD ALIGN=""LEFT"">0x0040077a&#58;&nbsp;</TD><TD ALIGN=""LEFT"">div</TD><TD ALIGN=""LEFT"">ecx</TD><TD></TD></TR><TR><TD ALIGN=""LEFT"">0x0040077c&#58;&nbsp;</TD><TD ALIGN=""LEFT"">mov</TD><TD ALIGN=""LEFT"">eax, edx</TD><TD></TD></TR><TR><TD ALIGN=""LEFT"">0x0040077e&#58;&nbsp;</TD><TD ALIGN=""LEFT"">mov</TD><TD ALIGN=""LEFT"">eax, eax</TD><TD></TD></TR><TR><TD ALIGN=""LEFT"">0x00400780&#58;&nbsp;</TD><TD ALIGN=""LEFT"">mov</TD><TD ALIGN=""LEFT"">qword ptr [rbp - 0x48], rax</TD><TD></TD></TR><TR><TD ALIGN=""LEFT"">0x00400784&#58;&nbsp;</TD><TD ALIGN=""LEFT"">mov</TD><TD ALIGN=""LEFT"">dword ptr [rbp - 0x5c], 0x1d</TD><TD></TD></TR><TR><TD ALIGN=""LEFT"">0x0040078b&#58;&nbsp;</TD><TD ALIGN=""LEFT"">jmp</TD><TD ALIGN=""LEFT"">0x400815</TD><TD></TD></TR></TABLE> }>"
24,0,"<{ <TABLE BORDER=""0"" CELLPADDING=""1"" ALIGN=""LEFT""><TR><TD >0x400815</TD><TD >(0x4006da)</TD><TD ><B>readMemoryByte+0x13b</B></TD><TD></TD></TR></TABLE>|<TABLE BORDER=""0"" CELLPADDING=""1"" ALIGN=""LEFT""><TR><TD ALIGN=""LEFT"">0x00400815&#58;&nbsp;</TD><TD ALIGN=""LEFT"">cmp</TD><TD ALIGN=""LEFT"">dword ptr [rbp - 0x5c], 0</TD><TD></TD></TR><TR><TD ALIGN=""LEFT"">0x00400819&#58;&nbsp;</TD><TD ALIGN=""LEFT"">jns</TD><TD ALIGN=""LEFT"">0x400790</TD><TD></TD></TR></TABLE> }>"
25,1,"<{ <TABLE BORDER=""0"" CELLPADDING=""1"" ALIGN=""LEFT""><TR><TD >0x400790</TD><TD >(0x4006da)</TD><TD ><B>readMemoryByte+0xb6</B></TD><TD></TD></TR></TABLE>|<TABLE BORDER=""0"" CELLPADDING=""1"" ALIGN=""LEFT""><TR><TD ALIGN=""LEFT"">0x00400790&#58;&nbsp;</TD><TD ALIGN=""LEFT"">mov</TD><TD ALIGN=""LEFT"">qword ptr [rbp - 0x50], 0x602080</TD><TD></TD></TR><TR><TD ALIGN=""LEFT"">0x00400798&#58;&nbsp;</TD><TD ALIGN=""LEFT"">mov</TD><TD ALIGN=""LEFT"">rax, qword ptr [rbp - 0x50]</TD><TD></TD></TR><TR><TD ALIGN=""LEFT"">0x0040079c&#58;&nbsp;</TD><TD ALIGN=""LEFT"">clflush</TD><TD ALIGN=""LEFT"">byte ptr [rax]</TD><TD></TD></TR></TABLE> }>"
26,0,"<{ <TABLE BORDER=""0"" CELLPADDING=""1"" ALIGN=""LEFT""><TR><TD >0x40079f</TD><TD >(0x4006da)</TD><TD ><B>readMemoryByte+0xc5</B></TD><TD></TD></TR></TABLE>|<TABLE BORDER=""0"" CELLPADDING=""1"" ALIGN=""LEFT""><TR><TD ALIGN=""LEFT"">0x0040079f&#58;&nbsp;</TD><TD ALIGN=""LEFT"">mov</TD><TD ALIGN=""LEFT"">dword ptr [rbp - 0x68], 0</TD><TD></TD></TR><TR><TD ALIGN=""LEFT"">0x004007a6&#58;&nbsp;</TD><TD ALIGN=""LEFT"">jmp</TD><TD ALIGN=""LEFT"">0x4007b1</TD><TD></TD></TR></TABLE> }>"
27,0,"<{ <TABLE BORDER=""0"" CELLPADDING=""1"" ALIGN=""LEFT""><TR><TD >0x4007b1</TD><TD >(0x4006da)</TD><TD ><B>readMemoryByte+0xd7</B></TD><TD></TD></TR></TABLE>|<TABLE BORDER=""0"" CELLPADDING=""1"" ALIGN=""LEFT""><TR><TD ALIGN=""LEFT"">0x004007b1&#58;&nbsp;</TD><TD ALIGN=""LEFT"">mov</TD><TD ALIGN=""LEFT"">eax, dword ptr [rbp - 0x68]</TD><TD></TD></TR><TR><TD ALIGN=""LEFT"">0x004007b4&#58;&nbsp;</TD><TD ALIGN=""LEFT"">cmp</TD><TD ALIGN=""LEFT"">eax, 0x63</TD><TD></TD></TR><TR><TD ALIGN=""LEFT"">0x004007b7&#58;&nbsp;</TD><TD ALIGN=""LEFT"">jle</TD><TD ALIGN=""LEFT"">0x4007a8</TD><TD></TD></TR></TABLE> }>"
28,0,"<{ <TABLE BORDER=""0"" CELLPADDING=""1"" ALIGN=""LEFT""><TR><TD >0x4007a8</TD><TD >(0x4006da)</TD><TD ><B>readMemoryByte+0xce</B></TD><TD></TD></TR></TABLE>|<TABLE BORDER=""0"" CELLPADDING=""1"" ALIGN=""LEFT""><TR><TD ALIGN=""LEFT"">0x004007a8&#58;&nbsp;</TD><TD ALIGN=""LEFT"">mov</TD><TD ALIGN=""LEFT"">eax, dword ptr [rbp - 0x68]</TD><TD></TD></TR><TR><TD ALIGN=""LEFT"">0x004007ab&#58;&nbsp;</TD><TD ALIGN=""LEFT"">add</TD><TD ALIGN=""LEFT"">eax, 1</TD><TD></TD></TR><TR><TD ALIGN=""LEFT"">0x004007ae&#58;&nbsp;</TD><TD ALIGN=""LEFT"">mov</TD><TD ALIGN=""LEFT"">dword ptr [rbp - 0x68], eax</TD><TD></TD></TR></TABLE> }>"
29,0,"<{ <TABLE BORDER=""0"" CELLPADDING=""1"" ALIGN=""LEFT""><TR><TD >0x4007b9</TD><TD >(0x4006da)</TD><TD ><B>readMemoryByte+0xdf</B></TD><TD></TD></TR></TABLE>|<TABLE BORDER=""0"" CELLPADDING=""1"" ALIGN=""LEFT""><TR><TD ALIGN=""LEFT"">0x004007b9&#58;&nbsp;</TD><TD ALIGN=""LEFT"">mov</TD><TD ALIGN=""LEFT"">ecx, dword ptr [rbp - 0x5c]</TD><TD></TD></TR><TR><TD ALIGN=""LEFT"">0x004007bc&#58;&nbsp;</TD><TD ALIGN=""LEFT"">mov</TD><TD ALIGN=""LEFT"">edx, 0x2aaaaaab</TD><TD></TD></TR><TR><TD ALIGN=""LEFT"">0x004007c1&#58;&nbsp;</TD><TD ALIGN=""LEFT"">mov</TD><TD ALIGN=""LEFT"">eax, ecx</TD><TD></TD></TR><TR><TD ALIGN=""LEFT"">0x004007c3&#58;&nbsp;</TD><TD ALIGN=""LEFT"">imul</TD><TD ALIGN=""LEFT"">edx</TD><TD></TD></TR><TR><TD ALIGN=""LEFT"">0x004007c5&#58;&nbsp;</TD><TD ALIGN=""LEFT"">mov</TD><TD ALIGN=""LEFT"">eax, ecx</TD><TD></TD></TR><TR><TD ALIGN=""LEFT"">0x004007c7&#58;&nbsp;</TD><TD ALIGN=""LEFT"">sar</TD><TD ALIGN=""LEFT"">eax, 0x1f</TD><TD></TD></TR><TR><TD ALIGN=""LEFT"">0x004007ca&#58;&nbsp;</TD><TD ALIGN=""LEFT"">sub</TD><TD ALIGN=""LEFT"">edx, eax</TD><TD></TD></TR><TR><TD ALIGN=""LEFT"">0x004007cc&#58;&nbsp;</TD><TD ALIGN=""LEFT"">mov</TD><TD ALIGN=""LEFT"">eax, edx</TD><TD></TD></TR><TR><TD ALIGN=""LEFT"">0x004007ce&#58;&nbsp;</TD><TD ALIGN=""LEFT"">add</TD><TD ALIGN=""LEFT"">eax, eax</TD><TD></TD></TR><TR><TD ALIGN=""LEFT"">0x004007d0&#58;&nbsp;</TD><TD ALIGN=""LEFT"">add</TD><TD ALIGN=""LEFT"">eax, edx</TD><TD></TD></TR><TR><TD ALIGN=""LEFT"">0x004007d2&#58;&nbsp;</TD><TD ALIGN=""LEFT"">add</TD><TD ALIGN=""LEFT"">eax, eax</TD><TD></TD></TR><TR><TD ALIGN=""LEFT"">0x004007d4&#58;&nbsp;</TD><TD ALIGN=""LEFT"">sub</TD><TD ALIGN=""LEFT"">ecx, eax</TD><TD></TD></TR><TR><TD ALIGN=""LEFT"">0x004007d6&#58;&nbsp;</TD><TD ALIGN=""LEFT"">mov</TD><TD ALIGN=""LEFT"">edx, ecx</TD><TD></TD></TR><TR><TD ALIGN=""LEFT"">0x004007d8&#58;&nbsp;</TD><TD ALIGN=""LEFT"">lea</TD><TD ALIGN=""LEFT"">eax, [rdx - 1]</TD><TD></TD></TR><TR><TD ALIGN=""LEFT"">0x004007db&#58;&nbsp;</TD><TD ALIGN=""LEFT"">mov</TD><TD ALIGN=""LEFT"">ax, 0</TD><TD></TD></TR><TR><TD ALIGN=""LEFT"">0x004007df&#58;&nbsp;</TD><TD ALIGN=""LEFT"">cdqe</TD><TD></TD><TD></TD></TR><TR><TD ALIGN=""LEFT"">0x004007e1&#58;&nbsp;</TD><TD ALIGN=""LEFT"">mov</TD><TD ALIGN=""LEFT"">qword ptr [rbp - 0x38], rax</TD><TD></TD></TR><TR><TD ALIGN=""LEFT"">0x004007e5&#58;&nbsp;</TD><TD ALIGN=""LEFT"">mov</TD><TD ALIGN=""LEFT"">rax, qword ptr [rbp - 0x38]</TD><TD></TD></TR><TR><TD ALIGN=""LEFT"">0x004007e9&#58;&nbsp;</TD><TD ALIGN=""LEFT"">shr</TD><TD ALIGN=""LEFT"">rax, 0x10</TD><TD></TD></TR><TR><TD ALIGN=""LEFT"">0x004007ed&#58;&nbsp;</TD><TD ALIGN=""LEFT"">or</TD><TD ALIGN=""LEFT"">qword ptr [rbp - 0x38], rax</TD><TD></TD></TR><TR><TD ALIGN=""LEFT"">0x004007f1&#58;&nbsp;</TD><TD ALIGN=""LEFT"">mov</TD><TD ALIGN=""LEFT"">rax, qword ptr [rbp - 0x78]</TD><TD></TD></TR><TR><TD ALIGN=""LEFT"">0x004007f5&#58;&nbsp;</TD><TD ALIGN=""LEFT"">xor</TD><TD ALIGN=""LEFT"">rax, qword ptr [rbp - 0x48]</TD><TD></TD></TR><TR><TD ALIGN=""LEFT"">0x004007f9&#58;&nbsp;</TD><TD ALIGN=""LEFT"">and</TD><TD ALIGN=""LEFT"">rax, qword ptr [rbp - 0x38]</TD><TD></TD></TR><TR><TD ALIGN=""LEFT"">0x004007fd&#58;&nbsp;</TD><TD ALIGN=""LEFT"">xor</TD><TD ALIGN=""LEFT"">rax, qword ptr [rbp - 0x48]</TD><TD></TD></TR><TR><TD ALIGN=""LEFT"">0x00400801&#58;&nbsp;</TD><TD ALIGN=""LEFT"">mov</TD><TD ALIGN=""LEFT"">qword ptr [rbp - 0x38], rax</TD><TD></TD></TR><TR><TD ALIGN=""LEFT"">0x00400805&#58;&nbsp;</TD><TD ALIGN=""LEFT"">mov</TD><TD ALIGN=""LEFT"">rax, qword ptr [rbp - 0x38]</TD><TD></TD></TR><TR><TD ALIGN=""LEFT"">0x00400809&#58;&nbsp;</TD><TD ALIGN=""LEFT"">mov</TD><TD ALIGN=""LEFT"">rdi, rax</TD><TD></TD></TR><TR><TD ALIGN=""LEFT"">0x0040080c&#58;&nbsp;</TD><TD ALIGN=""LEFT"">call</TD><TD ALIGN=""LEFT"">0x400696</TD><TD></TD></TR></TABLE> }>"
30,0,"<{ <TABLE BORDER=""0"" CELLPADDING=""1"" ALIGN=""LEFT""><TR><TD >0x40081f</TD><TD >(0x4006da)</TD><TD ><B>readMemoryByte+0x145</B></TD><TD></TD></TR></TABLE>|<TABLE BORDER=""0"" CELLPADDING=""1"" ALIGN=""LEFT""><TR><TD ALIGN=""LEFT"">0x0040081f&#58;&nbsp;</TD><TD ALIGN=""LEFT"">mov</TD><TD ALIGN=""LEFT"">dword ptr [rbp - 0x60], 0</TD><TD></TD></TR><TR><TD ALIGN=""LEFT"">0x00400826&#58;&nbsp;</TD><TD ALIGN=""LEFT"">jmp</TD><TD ALIGN=""LEFT"">0x4008e3</TD><TD></TD></TR></TABLE> }>"
31,0,"<{ <TABLE BORDER=""0"" CELLPADDING=""1"" ALIGN=""LEFT""><TR><TD >0x4008e3</TD><TD >(0x4006da)</TD><TD ><B>readMemoryByte+0x209</B></TD><TD></TD></TR></TABLE>|<TABLE BORDER=""0"" CELLPADDING=""1"" ALIGN=""LEFT""><TR><TD ALIGN=""LEFT"">0x004008e3&#58;&nbsp;</TD><TD ALIGN=""LEFT"">cmp</TD><TD ALIGN=""LEFT"">dword ptr [rbp - 0x60], 0xff</TD><TD></TD></TR><TR><TD ALIGN=""LEFT"">0x004008ea&#58;&nbsp;</TD><TD ALIGN=""LEFT"">jle</TD><TD ALIGN=""LEFT"">0x40082b</TD><TD></TD></TR></TABLE> }>"
32,1,"<{ <TABLE BORDER=""0"" CELLPADDING=""1"" ALIGN=""LEFT""><TR><TD >0x40082b</TD><TD >(0x4006da)</TD><TD ><B>readMemoryByte+0x151</B></TD><TD></TD></TR></TABLE>|<TABLE BORDER=""0"" CELLPADDING=""1"" ALIGN=""LEFT""><TR><TD ALIGN=""LEFT"">0x0040082b&#58;&nbsp;</TD><TD ALIGN=""LEFT"">mov</TD><TD ALIGN=""LEFT"">eax, dword ptr [rbp - 0x60]</TD><TD></TD></TR><TR><TD ALIGN=""LEFT"">0x0040082e&#58;&nbsp;</TD><TD ALIGN=""LEFT"">imul</TD><TD ALIGN=""LEFT"">eax, eax, 0xa7</TD><TD></TD></TR><TR><TD ALIGN=""LEFT"">0x00400834&#58;&nbsp;</TD><TD ALIGN=""LEFT"">add</TD><TD ALIGN=""LEFT"">eax, 0xd</TD><TD></TD></TR><TR><TD ALIGN=""LEFT"">0x00400837&#58;&nbsp;</TD><TD ALIGN=""LEFT"">and</TD><TD ALIGN=""LEFT"">eax, 0xff</TD><TD></TD></TR><TR><TD ALIGN=""LEFT"">0x0040083c&#58;&nbsp;</TD><TD ALIGN=""LEFT"">mov</TD><TD ALIGN=""LEFT"">dword ptr [rbp - 0x54], eax</TD><TD></TD></TR><TR><TD ALIGN=""LEFT"">0x0040083f&#58;&nbsp;</TD><TD ALIGN=""LEFT"">mov</TD><TD ALIGN=""LEFT"">eax, dword ptr [rbp - 0x54]</TD><TD></TD></TR><TR><TD ALIGN=""LEFT"">0x00400842&#58;&nbsp;</TD><TD ALIGN=""LEFT"">shl</TD><TD ALIGN=""LEFT"">eax, 9</TD><TD></TD></TR><TR><TD ALIGN=""LEFT"">0x00400845&#58;&nbsp;</TD><TD ALIGN=""LEFT"">cdqe</TD><TD></TD><TD></TD></TR><TR><TD ALIGN=""LEFT"">0x00400847&#58;&nbsp;</TD><TD ALIGN=""LEFT"">add</TD><TD ALIGN=""LEFT"">rax, 0x6025e0</TD><TD></TD></TR><TR><TD ALIGN=""LEFT"">0x0040084d&#58;&nbsp;</TD><TD ALIGN=""LEFT"">mov</TD><TD ALIGN=""LEFT"">qword ptr [rbp - 0x30], rax</TD><TD></TD></TR><TR><TD ALIGN=""LEFT"">0x00400851&#58;&nbsp;</TD><TD ALIGN=""LEFT"">lea</TD><TD ALIGN=""LEFT"">rax, [rbp - 0x6c]</TD><TD></TD></TR><TR><TD ALIGN=""LEFT"">0x00400855&#58;&nbsp;</TD><TD ALIGN=""LEFT"">mov</TD><TD ALIGN=""LEFT"">qword ptr [rbp - 0x28], rax</TD><TD></TD></TR><TR><TD ALIGN=""LEFT"">0x00400859&#58;&nbsp;</TD><TD ALIGN=""LEFT"">rdtscp</TD><TD></TD><TD></TD></TR><TR><TD ALIGN=""LEFT"">0x0040085c&#58;&nbsp;</TD><TD ALIGN=""LEFT"">mov</TD><TD ALIGN=""LEFT"">esi, ecx</TD><TD></TD></TR><TR><TD ALIGN=""LEFT"">0x0040085e&#58;&nbsp;</TD><TD ALIGN=""LEFT"">mov</TD><TD ALIGN=""LEFT"">rcx, qword ptr [rbp - 0x28]</TD><TD></TD></TR><TR><TD ALIGN=""LEFT"">0x00400862&#58;&nbsp;</TD><TD ALIGN=""LEFT"">mov</TD><TD ALIGN=""LEFT"">dword ptr [rcx], esi</TD><TD></TD></TR><TR><TD ALIGN=""LEFT"">0x00400864&#58;&nbsp;</TD><TD ALIGN=""LEFT"">shl</TD><TD ALIGN=""LEFT"">rdx, 0x20</TD><TD></TD></TR><TR><TD ALIGN=""LEFT"">0x00400868&#58;&nbsp;</TD><TD ALIGN=""LEFT"">or</TD><TD ALIGN=""LEFT"">rax, rdx</TD><TD></TD></TR><TR><TD ALIGN=""LEFT"">0x0040086b&#58;&nbsp;</TD><TD ALIGN=""LEFT"">mov</TD><TD ALIGN=""LEFT"">rbx, rax</TD><TD></TD></TR><TR><TD ALIGN=""LEFT"">0x0040086e&#58;&nbsp;</TD><TD ALIGN=""LEFT"">mov</TD><TD ALIGN=""LEFT"">rax, qword ptr [rbp - 0x30]</TD><TD></TD></TR><TR><TD ALIGN=""LEFT"">0x00400872&#58;&nbsp;</TD><TD ALIGN=""LEFT"">movzx</TD><TD ALIGN=""LEFT"">eax, byte ptr [rax]</TD><TD></TD></TR><TR><TD ALIGN=""LEFT"">0x00400875&#58;&nbsp;</TD><TD ALIGN=""LEFT"">movzx</TD><TD ALIGN=""LEFT"">eax, al</TD><TD></TD></TR><TR><TD ALIGN=""LEFT"">0x00400878&#58;&nbsp;</TD><TD ALIGN=""LEFT"">mov</TD><TD ALIGN=""LEFT"">dword ptr [rbp - 0x6c], eax</TD><TD></TD></TR><TR><TD ALIGN=""LEFT"">0x0040087b&#58;&nbsp;</TD><TD ALIGN=""LEFT"">lea</TD><TD ALIGN=""LEFT"">rax, [rbp - 0x6c]</TD><TD></TD></TR><TR><TD ALIGN=""LEFT"">0x0040087f&#58;&nbsp;</TD><TD ALIGN=""LEFT"">mov</TD><TD ALIGN=""LEFT"">qword ptr [rbp - 0x40], rax</TD><TD></TD></TR><TR><TD ALIGN=""LEFT"">0x00400883&#58;&nbsp;</TD><TD ALIGN=""LEFT"">rdtscp</TD><TD></TD><TD></TD></TR><TR><TD ALIGN=""LEFT"">0x00400886&#58;&nbsp;</TD><TD ALIGN=""LEFT"">mov</TD><TD ALIGN=""LEFT"">esi, ecx</TD><TD></TD></TR><TR><TD ALIGN=""LEFT"">0x00400888&#58;&nbsp;</TD><TD ALIGN=""LEFT"">mov</TD><TD ALIGN=""LEFT"">rcx, qword ptr [rbp - 0x40]</TD><TD></TD></TR><TR><TD ALIGN=""LEFT"">0x0040088c&#58;&nbsp;</TD><TD ALIGN=""LEFT"">mov</TD><TD ALIGN=""LEFT"">dword ptr [rcx], esi</TD><TD></TD></TR><TR><TD ALIGN=""LEFT"">0x0040088e&#58;&nbsp;</TD><TD ALIGN=""LEFT"">shl</TD><TD ALIGN=""LEFT"">rdx, 0x20</TD><TD></TD></TR><TR><TD ALIGN=""LEFT"">0x00400892&#58;&nbsp;</TD><TD ALIGN=""LEFT"">or</TD><TD ALIGN=""LEFT"">rax, rdx</TD><TD></TD></TR><TR><TD ALIGN=""LEFT"">0x00400895&#58;&nbsp;</TD><TD ALIGN=""LEFT"">sub</TD><TD ALIGN=""LEFT"">rax, rbx</TD><TD></TD></TR><TR><TD ALIGN=""LEFT"">0x00400898&#58;&nbsp;</TD><TD ALIGN=""LEFT"">mov</TD><TD ALIGN=""LEFT"">rbx, rax</TD><TD></TD></TR><TR><TD ALIGN=""LEFT"">0x0040089b&#58;&nbsp;</TD><TD ALIGN=""LEFT"">cmp</TD><TD ALIGN=""LEFT"">rbx, 0x50</TD><TD></TD></TR><TR><TD ALIGN=""LEFT"">0x0040089f&#58;&nbsp;</TD><TD ALIGN=""LEFT"">ja</TD><TD ALIGN=""LEFT"">0x4008df</TD><TD></TD></TR></TABLE> }>"
33,0,"<{ <TABLE BORDER=""0"" CELLPADDING=""1"" ALIGN=""LEFT""><TR><TD >0x4008a1</TD><TD >(0x4006da)</TD><TD ><B>readMemoryByte+0x1c7</B></TD><TD></TD></TR></TABLE>|<TABLE BORDER=""0"" CELLPADDING=""1"" ALIGN=""LEFT""><TR><TD ALIGN=""LEFT"">0x004008a1&#58;&nbsp;</TD><TD ALIGN=""LEFT"">mov</TD><TD ALIGN=""LEFT"">eax, dword ptr [rbp - 0x64]</TD><TD></TD></TR><TR><TD ALIGN=""LEFT"">0x004008a4&#58;&nbsp;</TD><TD ALIGN=""LEFT"">mov</TD><TD ALIGN=""LEFT"">ecx, dword ptr [rip + 0x2017d6]</TD><TD></TD></TR><TR><TD ALIGN=""LEFT"">0x004008aa&#58;&nbsp;</TD><TD ALIGN=""LEFT"">mov</TD><TD ALIGN=""LEFT"">edx, 0</TD><TD></TD></TR><TR><TD ALIGN=""LEFT"">0x004008af&#58;&nbsp;</TD><TD ALIGN=""LEFT"">div</TD><TD ALIGN=""LEFT"">ecx</TD><TD></TD></TR><TR><TD ALIGN=""LEFT"">0x004008b1&#58;&nbsp;</TD><TD ALIGN=""LEFT"">mov</TD><TD ALIGN=""LEFT"">eax, edx</TD><TD></TD></TR><TR><TD ALIGN=""LEFT"">0x004008b3&#58;&nbsp;</TD><TD ALIGN=""LEFT"">mov</TD><TD ALIGN=""LEFT"">eax, eax</TD><TD></TD></TR><TR><TD ALIGN=""LEFT"">0x004008b5&#58;&nbsp;</TD><TD ALIGN=""LEFT"">movzx</TD><TD ALIGN=""LEFT"">eax, byte ptr [rax + 0x6020a0]</TD><TD></TD></TR><TR><TD ALIGN=""LEFT"">0x004008bc&#58;&nbsp;</TD><TD ALIGN=""LEFT"">movzx</TD><TD ALIGN=""LEFT"">eax, al</TD><TD></TD></TR><TR><TD ALIGN=""LEFT"">0x004008bf&#58;&nbsp;</TD><TD ALIGN=""LEFT"">cmp</TD><TD ALIGN=""LEFT"">eax, dword ptr [rbp - 0x54]</TD><TD></TD></TR><TR><TD ALIGN=""LEFT"">0x004008c2&#58;&nbsp;</TD><TD ALIGN=""LEFT"">je</TD><TD ALIGN=""LEFT"">0x4008df</TD><TD></TD></TR></TABLE> }>"
34,0,"<{ <TABLE BORDER=""0"" CELLPADDING=""1"" ALIGN=""LEFT""><TR><TD >0x4008df</TD><TD >(0x4006da)</TD><TD ><B>readMemoryByte+0x205</B></TD><TD></TD></TR></TABLE>|<TABLE BORDER=""0"" CELLPADDING=""1"" ALIGN=""LEFT""><TR><TD ALIGN=""LEFT"">0x004008df&#58;&nbsp;</TD><TD ALIGN=""LEFT"">add</TD><TD ALIGN=""LEFT"">dword ptr [rbp - 0x60], 1</TD><TD></TD></TR></TABLE> }>"
35,0,"<{ <TABLE BORDER=""0"" CELLPADDING=""1"" ALIGN=""LEFT""><TR><TD >0x4008c4</TD><TD >(0x4006da)</TD><TD ><B>readMemoryByte+0x1ea</B></TD><TD></TD></TR></TABLE>|<TABLE BORDER=""0"" CELLPADDING=""1"" ALIGN=""LEFT""><TR><TD ALIGN=""LEFT"">0x004008c4&#58;&nbsp;</TD><TD ALIGN=""LEFT"">mov</TD><TD ALIGN=""LEFT"">eax, dword ptr [rbp - 0x54]</TD><TD></TD></TR><TR><TD ALIGN=""LEFT"">0x004008c7&#58;&nbsp;</TD><TD ALIGN=""LEFT"">cdqe</TD><TD></TD><TD></TD></TR><TR><TD ALIGN=""LEFT"">0x004008c9&#58;&nbsp;</TD><TD ALIGN=""LEFT"">mov</TD><TD ALIGN=""LEFT"">eax, dword ptr [rax*4 + 0x6021a0]</TD><TD></TD></TR><TR><TD ALIGN=""LEFT"">0x004008d0&#58;&nbsp;</TD><TD ALIGN=""LEFT"">lea</TD><TD ALIGN=""LEFT"">edx, [rax + 1]</TD><TD></TD></TR><TR><TD ALIGN=""LEFT"">0x004008d3&#58;&nbsp;</TD><TD ALIGN=""LEFT"">mov</TD><TD ALIGN=""LEFT"">eax, dword ptr [rbp - 0x54]</TD><TD></TD></TR><TR><TD ALIGN=""LEFT"">0x004008d6&#58;&nbsp;</TD><TD ALIGN=""LEFT"">cdqe</TD><TD></TD><TD></TD></TR><TR><TD ALIGN=""LEFT"">0x004008d8&#58;&nbsp;</TD><TD ALIGN=""LEFT"">mov</TD><TD ALIGN=""LEFT"">dword ptr [rax*4 + 0x6021a0], edx</TD><TD></TD></TR></TABLE> }>"
36,0,"<{ <TABLE BORDER=""0"" CELLPADDING=""1"" ALIGN=""LEFT""><TR><TD >0x4008f0</TD><TD >(0x4006da)</TD><TD ><B>readMemoryByte+0x216</B></TD><TD></TD></TR></TABLE>|<TABLE BORDER=""0"" CELLPADDING=""1"" ALIGN=""LEFT""><TR><TD ALIGN=""LEFT"">0x004008f0&#58;&nbsp;</TD><TD ALIGN=""LEFT"">mov</TD><TD ALIGN=""LEFT"">dword ptr [rbp - 0x58], 0xffffffff</TD><TD></TD></TR><TR><TD ALIGN=""LEFT"">0x004008f7&#58;&nbsp;</TD><TD ALIGN=""LEFT"">mov</TD><TD ALIGN=""LEFT"">eax, dword ptr [rbp - 0x58]</TD><TD></TD></TR><TR><TD ALIGN=""LEFT"">0x004008fa&#58;&nbsp;</TD><TD ALIGN=""LEFT"">mov</TD><TD ALIGN=""LEFT"">dword ptr [rbp - 0x5c], eax</TD><TD></TD></TR><TR><TD ALIGN=""LEFT"">0x004008fd&#58;&nbsp;</TD><TD ALIGN=""LEFT"">mov</TD><TD ALIGN=""LEFT"">dword ptr [rbp - 0x60], 0</TD><TD></TD></TR><TR><TD ALIGN=""LEFT"">0x00400904&#58;&nbsp;</TD><TD ALIGN=""LEFT"">jmp</TD><TD ALIGN=""LEFT"">0x400962</TD><TD></TD></TR></TABLE> }>"
37,0,"<{ <TABLE BORDER=""0"" CELLPADDING=""1"" ALIGN=""LEFT""><TR><TD >0x400962</TD><TD >(0x4006da)</TD><TD ><B>readMemoryByte+0x288</B></TD><TD></TD></TR></TABLE>|<TABLE BORDER=""0"" CELLPADDING=""1"" ALIGN=""LEFT""><TR><TD ALIGN=""LEFT"">0x00400962&#58;&nbsp;</TD><TD ALIGN=""LEFT"">cmp</TD><TD ALIGN=""LEFT"">dword ptr [rbp - 0x60], 0xff</TD><TD></TD></TR><TR><TD ALIGN=""LEFT"">0x00400969&#58;&nbsp;</TD><TD ALIGN=""LEFT"">jle</TD><TD ALIGN=""LEFT"">0x400906</TD><TD></TD></TR></TABLE> }>"
38,0,"<{ <TABLE BORDER=""0"" CELLPADDING=""1"" ALIGN=""LEFT""><TR><TD >0x400906</TD><TD >(0x4006da)</TD><TD ><B>readMemoryByte+0x22c</B></TD><TD></TD></TR></TABLE>|<TABLE BORDER=""0"" CELLPADDING=""1"" ALIGN=""LEFT""><TR><TD ALIGN=""LEFT"">0x00400906&#58;&nbsp;</TD><TD ALIGN=""LEFT"">cmp</TD><TD ALIGN=""LEFT"">dword ptr [rbp - 0x5c], 0</TD><TD></TD></TR><TR><TD ALIGN=""LEFT"">0x0040090a&#58;&nbsp;</TD><TD ALIGN=""LEFT"">js</TD><TD ALIGN=""LEFT"">0x400928</TD><TD></TD></TR></TABLE> }>"
39,0,"<{ <TABLE BORDER=""0"" CELLPADDING=""1"" ALIGN=""LEFT""><TR><TD >0x40090c</TD><TD >(0x4006da)</TD><TD ><B>readMemoryByte+0x232</B></TD><TD></TD></TR></TABLE>|<TABLE BORDER=""0"" CELLPADDING=""1"" ALIGN=""LEFT""><TR><TD ALIGN=""LEFT"">0x0040090c&#58;&nbsp;</TD><TD ALIGN=""LEFT"">mov</TD><TD ALIGN=""LEFT"">eax, dword ptr [rbp - 0x60]</TD><TD></TD></TR><TR><TD ALIGN=""LEFT"">0x0040090f&#58;&nbsp;</TD><TD ALIGN=""LEFT"">cdqe</TD><TD></TD><TD></TD></TR><TR><TD ALIGN=""LEFT"">0x00400911&#58;&nbsp;</TD><TD ALIGN=""LEFT"">mov</TD><TD ALIGN=""LEFT"">edx, dword ptr [rax*4 + 0x6021a0]</TD><TD></TD></TR><TR><TD ALIGN=""LEFT"">0x00400918&#58;&nbsp;</TD><TD ALIGN=""LEFT"">mov</TD><TD ALIGN=""LEFT"">eax, dword ptr [rbp - 0x5c]</TD><TD></TD></TR><TR><TD ALIGN=""LEFT"">0x0040091b&#58;&nbsp;</TD><TD ALIGN=""LEFT"">cdqe</TD><TD></TD><TD></TD></TR><TR><TD ALIGN=""LEFT"">0x0040091d&#58;&nbsp;</TD><TD ALIGN=""LEFT"">mov</TD><TD ALIGN=""LEFT"">eax, dword ptr [rax*4 + 0x6021a0]</TD><TD></TD></TR><TR><TD ALIGN=""LEFT"">0x00400924&#58;&nbsp;</TD><TD ALIGN=""LEFT"">cmp</TD><TD ALIGN=""LEFT"">edx, eax</TD><TD></TD></TR><TR><TD ALIGN=""LEFT"">0x00400926&#58;&nbsp;</TD><TD ALIGN=""LEFT"">jl</TD><TD ALIGN=""LEFT"">0x400936</TD><TD></TD></TR></TABLE> }>"
40,0,"<{ <TABLE BORDER=""0"" CELLPADDING=""1"" ALIGN=""LEFT""><TR><TD >0x400928</TD><TD >(0x4006da)</TD><TD ><B>readMemoryByte+0x24e</B></TD><TD></TD></TR></TABLE>|<TABLE BORDER=""0"" CELLPADDING=""1"" ALIGN=""LEFT""><TR><TD ALIGN=""LEFT"">0x00400928&#58;&nbsp;</TD><TD ALIGN=""LEFT"">mov</TD><TD ALIGN=""LEFT"">eax, dword ptr [rbp - 0x5c]</TD><TD></TD></TR><TR><TD ALIGN=""LEFT"">0x0040092b&#58;&nbsp;</TD><TD ALIGN=""LEFT"">mov</TD><TD ALIGN=""LEFT"">dword ptr [rbp - 0x58], eax</TD><TD></TD></TR><TR><TD ALIGN=""LEFT"">0x0040092e&#58;&nbsp;</TD><TD ALIGN=""LEFT"">mov</TD><TD ALIGN=""LEFT"">eax, dword ptr [rbp - 0x60]</TD><TD></TD></TR><TR><TD ALIGN=""LEFT"">0x00400931&#58;&nbsp;</TD><TD ALIGN=""LEFT"">mov</TD><TD ALIGN=""LEFT"">dword ptr [rbp - 0x5c], eax</TD><TD></TD></TR><TR><TD ALIGN=""LEFT"">0x00400934&#58;&nbsp;</TD><TD ALIGN=""LEFT"">jmp</TD><TD ALIGN=""LEFT"">0x40095e</TD><TD></TD></TR></TABLE> }>"
41,0,"<{ <TABLE BORDER=""0"" CELLPADDING=""1"" ALIGN=""LEFT""><TR><TD >0x400936</TD><TD >(0x4006da)</TD><TD ><B>readMemoryByte+0x25c</B></TD><TD></TD></TR></TABLE>|<TABLE BORDER=""0"" CELLPADDING=""1"" ALIGN=""LEFT""><TR><TD ALIGN=""LEFT"">0x00400936&#58;&nbsp;</TD><TD ALIGN=""LEFT"">cmp</TD><TD ALIGN=""LEFT"">dword ptr [rbp - 0x58], 0</TD><TD></TD></TR><TR><TD ALIGN=""LEFT"">0x0040093a&#58;&nbsp;</TD><TD ALIGN=""LEFT"">js</TD><TD ALIGN=""LEFT"">0x400958</TD><TD></TD></TR></TABLE> }>"
42,0,"<{ <TABLE BORDER=""0"" CELLPADDING=""1"" ALIGN=""LEFT""><TR><TD >0x40095e</TD><TD >(0x4006da)</TD><TD ><B>readMemoryByte+0x284</B></TD><TD></TD></TR></TABLE>|<TABLE BORDER=""0"" CELLPADDING=""1"" ALIGN=""LEFT""><TR><TD ALIGN=""LEFT"">0x0040095e&#58;&nbsp;</TD><TD ALIGN=""LEFT"">add</TD><TD ALIGN=""LEFT"">dword ptr [rbp - 0x60], 1</TD><TD></TD></TR></TABLE> }>"
43,0,"<{ <TABLE BORDER=""0"" CELLPADDING=""1"" ALIGN=""LEFT""><TR><TD >0x40093c</TD><TD >(0x4006da)</TD><TD ><B>readMemoryByte+0x262</B></TD><TD></TD></TR></TABLE>|<TABLE BORDER=""0"" CELLPADDING=""1"" ALIGN=""LEFT""><TR><TD ALIGN=""LEFT"">0x0040093c&#58;&nbsp;</TD><TD ALIGN=""LEFT"">mov</TD><TD ALIGN=""LEFT"">eax, dword ptr [rbp - 0x60]</TD><TD></TD></TR><TR><TD ALIGN=""LEFT"">0x0040093f&#58;&nbsp;</TD><TD ALIGN=""LEFT"">cdqe</TD><TD></TD><TD></TD></TR><TR><TD ALIGN=""LEFT"">0x00400941&#58;&nbsp;</TD><TD ALIGN=""LEFT"">mov</TD><TD ALIGN=""LEFT"">edx, dword ptr [rax*4 + 0x6021a0]</TD><TD></TD></TR><TR><TD ALIGN=""LEFT"">0x00400948&#58;&nbsp;</TD><TD ALIGN=""LEFT"">mov</TD><TD ALIGN=""LEFT"">eax, dword ptr [rbp - 0x58]</TD><TD></TD></TR><TR><TD ALIGN=""LEFT"">0x0040094b&#58;&nbsp;</TD><TD ALIGN=""LEFT"">cdqe</TD><TD></TD><TD></TD></TR><TR><TD ALIGN=""LEFT"">0x0040094d&#58;&nbsp;</TD><TD ALIGN=""LEFT"">mov</TD><TD ALIGN=""LEFT"">eax, dword ptr [rax*4 + 0x6021a0]</TD><TD></TD></TR><TR><TD ALIGN=""LEFT"">0x00400954&#58;&nbsp;</TD><TD ALIGN=""LEFT"">cmp</TD><TD ALIGN=""LEFT"">edx, eax</TD><TD></TD></TR><TR><TD ALIGN=""LEFT"">0x00400956&#58;&nbsp;</TD><TD ALIGN=""LEFT"">jl</TD><TD ALIGN=""LEFT"">0x40095e</TD><TD></TD></TR></TABLE> }>"
44,0,"<{ <TABLE BORDER=""0"" CELLPADDING=""1"" ALIGN=""LEFT""><TR><TD >0x400958</TD><TD >(0x4006da)</TD><TD ><B>readMemoryByte+0x27e</B></TD><TD></TD></TR></TABLE>|<TABLE BORDER=""0"" CELLPADDING=""1"" ALIGN=""LEFT""><TR><TD ALIGN=""LEFT"">0x00400958&#58;&nbsp;</TD><TD ALIGN=""LEFT"">mov</TD><TD ALIGN=""LEFT"">eax, dword ptr [rbp - 0x60]</TD><TD></TD></TR><TR><TD ALIGN=""LEFT"">0x0040095b&#58;&nbsp;</TD><TD ALIGN=""LEFT"">mov</TD><TD ALIGN=""LEFT"">dword ptr [rbp - 0x58], eax</TD><TD></TD></TR></TABLE> }>"
45,0,"<{ <TABLE BORDER=""0"" CELLPADDING=""1"" ALIGN=""LEFT""><TR><TD >0x40096b</TD><TD >(0x4006da)</TD><TD ><B>readMemoryByte+0x291</B></TD><TD></TD></TR></TABLE>|<TABLE BORDER=""0"" CELLPADDING=""1"" ALIGN=""LEFT""><TR><TD ALIGN=""LEFT"">0x0040096b&#58;&nbsp;</TD><TD ALIGN=""LEFT"">mov</TD><TD ALIGN=""LEFT"">eax, dword ptr [rbp - 0x5c]</TD><TD></TD></TR><TR><TD ALIGN=""LEFT"">0x0040096e&#58;&nbsp;</TD><TD ALIGN=""LEFT"">cdqe</TD><TD></TD><TD></TD></TR><TR><TD ALIGN=""LEFT"">0x00400970&#58;&nbsp;</TD><TD ALIGN=""LEFT"">mov</TD><TD ALIGN=""LEFT"">edx, dword ptr [rax*4 + 0x6021a0]</TD><TD></TD></TR><TR><TD ALIGN=""LEFT"">0x00400977&#58;&nbsp;</TD><TD ALIGN=""LEFT"">mov</TD><TD ALIGN=""LEFT"">eax, dword ptr [rbp - 0x58]</TD><TD></TD></TR><TR><TD ALIGN=""LEFT"">0x0040097a&#58;&nbsp;</TD><TD ALIGN=""LEFT"">cdqe</TD><TD></TD><TD></TD></TR><TR><TD ALIGN=""LEFT"">0x0040097c&#58;&nbsp;</TD><TD ALIGN=""LEFT"">mov</TD><TD ALIGN=""LEFT"">eax, dword ptr [rax*4 + 0x6021a0]</TD><TD></TD></TR><TR><TD ALIGN=""LEFT"">0x00400983&#58;&nbsp;</TD><TD ALIGN=""LEFT"">add</TD><TD ALIGN=""LEFT"">eax, eax</TD><TD></TD></TR><TR><TD ALIGN=""LEFT"">0x00400985&#58;&nbsp;</TD><TD ALIGN=""LEFT"">add</TD><TD ALIGN=""LEFT"">eax, 5</TD><TD></TD></TR><TR><TD ALIGN=""LEFT"">0x00400988&#58;&nbsp;</TD><TD ALIGN=""LEFT"">cmp</TD><TD ALIGN=""LEFT"">edx, eax</TD><TD></TD></TR><TR><TD ALIGN=""LEFT"">0x0040098a&#58;&nbsp;</TD><TD ALIGN=""LEFT"">jge</TD><TD ALIGN=""LEFT"">0x4009bb</TD><TD></TD></TR></TABLE> }>"
46,0,"<{ <TABLE BORDER=""0"" CELLPADDING=""1"" ALIGN=""LEFT""><TR><TD >0x40098c</TD><TD >(0x4006da)</TD><TD ><B>readMemoryByte+0x2b2</B></TD><TD></TD></TR></TABLE>|<TABLE BORDER=""0"" CELLPADDING=""1"" ALIGN=""LEFT""><TR><TD ALIGN=""LEFT"">0x0040098c&#58;&nbsp;</TD><TD ALIGN=""LEFT"">mov</TD><TD ALIGN=""LEFT"">eax, dword ptr [rbp - 0x5c]</TD><TD></TD></TR><TR><TD ALIGN=""LEFT"">0x0040098f&#58;&nbsp;</TD><TD ALIGN=""LEFT"">cdqe</TD><TD></TD><TD></TD></TR><TR><TD ALIGN=""LEFT"">0x00400991&#58;&nbsp;</TD><TD ALIGN=""LEFT"">mov</TD><TD ALIGN=""LEFT"">eax, dword ptr [rax*4 + 0x6021a0]</TD><TD></TD></TR><TR><TD ALIGN=""LEFT"">0x00400998&#58;&nbsp;</TD><TD ALIGN=""LEFT"">cmp</TD><TD ALIGN=""LEFT"">eax, 2</TD><TD></TD></TR><TR><TD ALIGN=""LEFT"">0x0040099b&#58;&nbsp;</TD><TD ALIGN=""LEFT"">jne</TD><TD ALIGN=""LEFT"">0x4009ad</TD><TD></TD></TR></TABLE> }>"
47,0,"<{ <TABLE BORDER=""0"" CELLPADDING=""1"" ALIGN=""LEFT""><TR><TD >0x4009bb</TD><TD >(0x4006da)</TD><TD ><B>readMemoryByte+0x2e1</B></TD><TD></TD></TR></TABLE>|<TABLE BORDER=""0"" CELLPADDING=""1"" ALIGN=""LEFT""><TR><TD ALIGN=""LEFT"">0x004009bb&#58;&nbsp;</TD><TD ALIGN=""LEFT"">mov</TD><TD ALIGN=""LEFT"">eax, dword ptr [rip + 0x2017df]</TD><TD></TD></TR><TR><TD ALIGN=""LEFT"">0x004009c1&#58;&nbsp;</TD><TD ALIGN=""LEFT"">mov</TD><TD ALIGN=""LEFT"">edx, eax</TD><TD></TD></TR><TR><TD ALIGN=""LEFT"">0x004009c3&#58;&nbsp;</TD><TD ALIGN=""LEFT"">mov</TD><TD ALIGN=""LEFT"">eax, dword ptr [rbp - 0x6c]</TD><TD></TD></TR><TR><TD ALIGN=""LEFT"">0x004009c6&#58;&nbsp;</TD><TD ALIGN=""LEFT"">xor</TD><TD ALIGN=""LEFT"">eax, edx</TD><TD></TD></TR><TR><TD ALIGN=""LEFT"">0x004009c8&#58;&nbsp;</TD><TD ALIGN=""LEFT"">mov</TD><TD ALIGN=""LEFT"">dword ptr [rip + 0x2017d2], eax</TD><TD></TD></TR><TR><TD ALIGN=""LEFT"">0x004009ce&#58;&nbsp;</TD><TD ALIGN=""LEFT"">mov</TD><TD ALIGN=""LEFT"">eax, dword ptr [rbp - 0x5c]</TD><TD></TD></TR><TR><TD ALIGN=""LEFT"">0x004009d1&#58;&nbsp;</TD><TD ALIGN=""LEFT"">mov</TD><TD ALIGN=""LEFT"">edx, eax</TD><TD></TD></TR><TR><TD ALIGN=""LEFT"">0x004009d3&#58;&nbsp;</TD><TD ALIGN=""LEFT"">mov</TD><TD ALIGN=""LEFT"">rax, qword ptr [rbp - 0x80]</TD><TD></TD></TR><TR><TD ALIGN=""LEFT"">0x004009d7&#58;&nbsp;</TD><TD ALIGN=""LEFT"">mov</TD><TD ALIGN=""LEFT"">byte ptr [rax], dl</TD><TD></TD></TR><TR><TD ALIGN=""LEFT"">0x004009d9&#58;&nbsp;</TD><TD ALIGN=""LEFT"">mov</TD><TD ALIGN=""LEFT"">eax, dword ptr [rbp - 0x5c]</TD><TD></TD></TR><TR><TD ALIGN=""LEFT"">0x004009dc&#58;&nbsp;</TD><TD ALIGN=""LEFT"">cdqe</TD><TD></TD><TD></TD></TR><TR><TD ALIGN=""LEFT"">0x004009de&#58;&nbsp;</TD><TD ALIGN=""LEFT"">mov</TD><TD ALIGN=""LEFT"">edx, dword ptr [rax*4 + 0x6021a0]</TD><TD></TD></TR><TR><TD ALIGN=""LEFT"">0x004009e5&#58;&nbsp;</TD><TD ALIGN=""LEFT"">mov</TD><TD ALIGN=""LEFT"">rax, qword ptr [rbp - 0x88]</TD><TD></TD></TR><TR><TD ALIGN=""LEFT"">0x004009ec&#58;&nbsp;</TD><TD ALIGN=""LEFT"">mov</TD><TD ALIGN=""LEFT"">dword ptr [rax], edx</TD><TD></TD></TR><TR><TD ALIGN=""LEFT"">0x004009ee&#58;&nbsp;</TD><TD ALIGN=""LEFT"">mov</TD><TD ALIGN=""LEFT"">rax, qword ptr [rbp - 0x80]</TD><TD></TD></TR><TR><TD ALIGN=""LEFT"">0x004009f2&#58;&nbsp;</TD><TD ALIGN=""LEFT"">add</TD><TD ALIGN=""LEFT"">rax, 1</TD><TD></TD></TR><TR><TD ALIGN=""LEFT"">0x004009f6&#58;&nbsp;</TD><TD ALIGN=""LEFT"">mov</TD><TD ALIGN=""LEFT"">edx, dword ptr [rbp - 0x58]</TD><TD></TD></TR><TR><TD ALIGN=""LEFT"">0x004009f9&#58;&nbsp;</TD><TD ALIGN=""LEFT"">mov</TD><TD ALIGN=""LEFT"">byte ptr [rax], dl</TD><TD></TD></TR><TR><TD ALIGN=""LEFT"">0x004009fb&#58;&nbsp;</TD><TD ALIGN=""LEFT"">mov</TD><TD ALIGN=""LEFT"">rax, qword ptr [rbp - 0x88]</TD><TD></TD></TR><TR><TD ALIGN=""LEFT"">0x00400a02&#58;&nbsp;</TD><TD ALIGN=""LEFT"">lea</TD><TD ALIGN=""LEFT"">rdx, [rax + 4]</TD><TD></TD></TR><TR><TD ALIGN=""LEFT"">0x00400a06&#58;&nbsp;</TD><TD ALIGN=""LEFT"">mov</TD><TD ALIGN=""LEFT"">eax, dword ptr [rbp - 0x58]</TD><TD></TD></TR><TR><TD ALIGN=""LEFT"">0x00400a09&#58;&nbsp;</TD><TD ALIGN=""LEFT"">cdqe</TD><TD></TD><TD></TD></TR><TR><TD ALIGN=""LEFT"">0x00400a0b&#58;&nbsp;</TD><TD ALIGN=""LEFT"">mov</TD><TD ALIGN=""LEFT"">eax, dword ptr [rax*4 + 0x6021a0]</TD><TD></TD></TR><TR><TD ALIGN=""LEFT"">0x00400a12&#58;&nbsp;</TD><TD ALIGN=""LEFT"">mov</TD><TD ALIGN=""LEFT"">dword ptr [rdx], eax</TD><TD></TD></TR><TR><TD ALIGN=""LEFT"">0x00400a14&#58;&nbsp;</TD><TD ALIGN=""LEFT"">nop</TD><TD></TD><TD></TD></TR><TR><TD ALIGN=""LEFT"">0x00400a15&#58;&nbsp;</TD><TD ALIGN=""LEFT"">mov</TD><TD ALIGN=""LEFT"">rax, qword ptr [rbp - 0x18]</TD><TD></TD></TR><TR><TD ALIGN=""LEFT"">0x00400a19&#58;&nbsp;</TD><TD ALIGN=""LEFT"">xor</TD><TD ALIGN=""LEFT"">rax, qword ptr fs&#58;[0x28]</TD><TD></TD></TR><TR><TD ALIGN=""LEFT"">0x00400a22&#58;&nbsp;</TD><TD ALIGN=""LEFT"">je</TD><TD ALIGN=""LEFT"">0x400a29</TD><TD></TD></TR></TABLE> }>"
48,0,"<{ <TABLE BORDER=""0"" CELLPADDING=""1"" ALIGN=""LEFT""><TR><TD >0x40099d</TD><TD >(0x4006da)</TD><TD ><B>readMemoryByte+0x2c3</B></TD><TD></TD></TR></TABLE>|<TABLE BORDER=""0"" CELLPADDING=""1"" ALIGN=""LEFT""><TR><TD ALIGN=""LEFT"">0x0040099d&#58;&nbsp;</TD><TD ALIGN=""LEFT"">mov</TD><TD ALIGN=""LEFT"">eax, dword ptr [rbp - 0x58]</TD><TD></TD></TR><TR><TD ALIGN=""LEFT"">0x004009a0&#58;&nbsp;</TD><TD ALIGN=""LEFT"">cdqe</TD><TD></TD><TD></TD></TR><TR><TD ALIGN=""LEFT"">0x004009a2&#58;&nbsp;</TD><TD ALIGN=""LEFT"">mov</TD><TD ALIGN=""LEFT"">eax, dword ptr [rax*4 + 0x6021a0]</TD><TD></TD></TR><TR><TD ALIGN=""LEFT"">0x004009a9&#58;&nbsp;</TD><TD ALIGN=""LEFT"">test</TD><TD ALIGN=""LEFT"">eax, eax</TD><TD></TD></TR><TR><TD ALIGN=""LEFT"">0x004009ab&#58;&nbsp;</TD><TD ALIGN=""LEFT"">je</TD><TD ALIGN=""LEFT"">0x4009bb</TD><TD></TD></TR></TABLE> }>"
49,0,"<{ <TABLE BORDER=""0"" CELLPADDING=""1"" ALIGN=""LEFT""><TR><TD >0x4009ad</TD><TD >(0x4006da)</TD><TD ><B>readMemoryByte+0x2d3</B></TD><TD></TD></TR></TABLE>|<TABLE BORDER=""0"" CELLPADDING=""1"" ALIGN=""LEFT""><TR><TD ALIGN=""LEFT"">0x004009ad&#58;&nbsp;</TD><TD ALIGN=""LEFT"">sub</TD><TD ALIGN=""LEFT"">dword ptr [rbp - 0x64], 1</TD><TD></TD></TR></TABLE> }>"
50,0,"<{ <TABLE BORDER=""0"" CELLPADDING=""1"" ALIGN=""LEFT""><TR><TD >0x400a24</TD><TD >(0x4006da)</TD><TD ><B>readMemoryByte+0x34a</B></TD><TD></TD></TR></TABLE>|<TABLE BORDER=""0"" CELLPADDING=""1"" ALIGN=""LEFT""><TR><TD ALIGN=""LEFT"">0x00400a24&#58;&nbsp;</TD><TD ALIGN=""LEFT"">call</TD><TD ALIGN=""LEFT"">0x400550</TD><TD></TD></TR></TABLE> }>"
51,0,"<{ <TABLE BORDER=""0"" CELLPADDING=""1"" ALIGN=""LEFT""><TR><TD >0x400a29</TD><TD >(0x4006da)</TD><TD ><B>readMemoryByte+0x34f</B></TD><TD></TD></TR></TABLE>|<TABLE BORDER=""0"" CELLPADDING=""1"" ALIGN=""LEFT""><TR><TD ALIGN=""LEFT"">0x00400a29&#58;&nbsp;</TD><TD ALIGN=""LEFT"">add</TD><TD ALIGN=""LEFT"">rsp, 0x88</TD><TD></TD></TR><TR><TD ALIGN=""LEFT"">0x00400a30&#58;&nbsp;</TD><TD ALIGN=""LEFT"">pop</TD><TD ALIGN=""LEFT"">rbx</TD><TD></TD></TR><TR><TD ALIGN=""LEFT"">0x00400a31&#58;&nbsp;</TD><TD ALIGN=""LEFT"">pop</TD><TD ALIGN=""LEFT"">rbp</TD><TD></TD></TR><TR><TD ALIGN=""LEFT"">0x00400a32&#58;&nbsp;</TD><TD ALIGN=""LEFT"">ret</TD><TD></TD><TD></TD></TR></TABLE> }>"
52,0,"<{ <TABLE BORDER=""0"" CELLPADDING=""1"" ALIGN=""LEFT""><TR><TD >0x400b61</TD><TD >(0x400a33)</TD><TD ><B>main+0x12e</B></TD><TD></TD></TR></TABLE>|<TABLE BORDER=""0"" CELLPADDING=""1"" ALIGN=""LEFT""><TR><TD ALIGN=""LEFT"">0x00400b61&#58;&nbsp;</TD><TD ALIGN=""LEFT"">mov</TD><TD ALIGN=""LEFT"">eax, dword ptr [rbp - 0x20]</TD><TD></TD></TR><TR><TD ALIGN=""LEFT"">0x00400b64&#58;&nbsp;</TD><TD ALIGN=""LEFT"">mov</TD><TD ALIGN=""LEFT"">edx, dword ptr [rbp - 0x1c]</TD><TD></TD></TR><TR><TD ALIGN=""LEFT"">0x00400b67&#58;&nbsp;</TD><TD ALIGN=""LEFT"">add</TD><TD ALIGN=""LEFT"">edx, edx</TD><TD></TD></TR><TR><TD ALIGN=""LEFT"">0x00400b69&#58;&nbsp;</TD><TD ALIGN=""LEFT"">cmp</TD><TD ALIGN=""LEFT"">eax, edx</TD><TD></TD></TR><TR><TD ALIGN=""LEFT"">0x00400b6b&#58;&nbsp;</TD><TD ALIGN=""LEFT"">jl</TD><TD ALIGN=""LEFT"">0x400b74</TD><TD></TD></TR></TABLE> }>"
53,0,"<{ <TABLE BORDER=""0"" CELLPADDING=""1"" ALIGN=""LEFT""><TR><TD >0x400a33</TD><TD >(0x400a33)</TD><TD ><B>main</B></TD><TD></TD></TR></TABLE>|<TABLE BORDER=""0"" CELLPADDING=""1"" ALIGN=""LEFT""><TR><TD ALIGN=""LEFT"">0x00400a33&#58;&nbsp;</TD><TD ALIGN=""LEFT"">push</TD><TD ALIGN=""LEFT"">rbp</TD><TD></TD></TR><TR><TD ALIGN=""LEFT"">0x00400a34&#58;&nbsp;</TD><TD ALIGN=""LEFT"">mov</TD><TD ALIGN=""LEFT"">rbp, rsp</TD><TD></TD></TR><TR><TD ALIGN=""LEFT"">0x00400a37&#58;&nbsp;</TD><TD ALIGN=""LEFT"">sub</TD><TD ALIGN=""LEFT"">rsp, 0x50</TD><TD></TD></TR><TR><TD ALIGN=""LEFT"">0x00400a3b&#58;&nbsp;</TD><TD ALIGN=""LEFT"">mov</TD><TD ALIGN=""LEFT"">dword ptr [rbp - 0x44], edi</TD><TD></TD></TR><TR><TD ALIGN=""LEFT"">0x00400a3e&#58;&nbsp;</TD><TD ALIGN=""LEFT"">mov</TD><TD ALIGN=""LEFT"">qword ptr [rbp - 0x50], rsi</TD><TD></TD></TR><TR><TD ALIGN=""LEFT"">0x00400a42&#58;&nbsp;</TD><TD ALIGN=""LEFT"">mov</TD><TD ALIGN=""LEFT"">rax, qword ptr fs&#58;[0x28]</TD><TD></TD></TR><TR><TD ALIGN=""LEFT"">0x00400a4b&#58;&nbsp;</TD><TD ALIGN=""LEFT"">mov</TD><TD ALIGN=""LEFT"">qword ptr [rbp - 8], rax</TD><TD></TD></TR><TR><TD ALIGN=""LEFT"">0x00400a4f&#58;&nbsp;</TD><TD ALIGN=""LEFT"">xor</TD><TD ALIGN=""LEFT"">eax, eax</TD><TD></TD></TR><TR><TD ALIGN=""LEFT"">0x00400a51&#58;&nbsp;</TD><TD ALIGN=""LEFT"">mov</TD><TD ALIGN=""LEFT"">rax, qword ptr [rip + 0x2016e8]</TD><TD></TD></TR><TR><TD ALIGN=""LEFT"">0x00400a58&#58;&nbsp;</TD><TD ALIGN=""LEFT"">mov</TD><TD ALIGN=""LEFT"">rsi, rax</TD><TD></TD></TR><TR><TD ALIGN=""LEFT"">0x00400a5b&#58;&nbsp;</TD><TD ALIGN=""LEFT"">mov</TD><TD ALIGN=""LEFT"">edi, 0x400d01</TD><TD></TD></TR><TR><TD ALIGN=""LEFT"">0x00400a60&#58;&nbsp;</TD><TD ALIGN=""LEFT"">mov</TD><TD ALIGN=""LEFT"">eax, 0</TD><TD></TD></TR><TR><TD ALIGN=""LEFT"">0x00400a65&#58;&nbsp;</TD><TD ALIGN=""LEFT"">call</TD><TD ALIGN=""LEFT"">0x400560</TD><TD></TD></TR></TABLE> }>"
54,0,"<{ <TABLE BORDER=""0"" CELLPADDING=""1"" ALIGN=""LEFT""><TR><TD >0x400a6a</TD><TD >(0x400a33)</TD><TD ><B>main+0x37</B></TD><TD></TD></TR></TABLE>|<TABLE BORDER=""0"" CELLPADDING=""1"" ALIGN=""LEFT""><TR><TD ALIGN=""LEFT"">0x00400a6a&#58;&nbsp;</TD><TD ALIGN=""LEFT"">mov</TD><TD ALIGN=""LEFT"">rax, qword ptr [rip + 0x2016cf]</TD><TD></TD></TR><TR><TD ALIGN=""LEFT"">0x00400a71&#58;&nbsp;</TD><TD ALIGN=""LEFT"">mov</TD><TD ALIGN=""LEFT"">rdx, rax</TD><TD></TD></TR><TR><TD ALIGN=""LEFT"">0x00400a74&#58;&nbsp;</TD><TD ALIGN=""LEFT"">mov</TD><TD ALIGN=""LEFT"">eax, 0x6020a0</TD><TD></TD></TR><TR><TD ALIGN=""LEFT"">0x00400a79&#58;&nbsp;</TD><TD ALIGN=""LEFT"">sub</TD><TD ALIGN=""LEFT"">rdx, rax</TD><TD></TD></TR><TR><TD ALIGN=""LEFT"">0x00400a7c&#58;&nbsp;</TD><TD ALIGN=""LEFT"">mov</TD><TD ALIGN=""LEFT"">rax, rdx</TD><TD></TD></TR><TR><TD ALIGN=""LEFT"">0x00400a7f&#58;&nbsp;</TD><TD ALIGN=""LEFT"">mov</TD><TD ALIGN=""LEFT"">qword ptr [rbp - 0x30], rax</TD><TD></TD></TR><TR><TD ALIGN=""LEFT"">0x00400a83&#58;&nbsp;</TD><TD ALIGN=""LEFT"">mov</TD><TD ALIGN=""LEFT"">rax, qword ptr [rip + 0x2016b6]</TD><TD></TD></TR><TR><TD ALIGN=""LEFT"">0x00400a8a&#58;&nbsp;</TD><TD ALIGN=""LEFT"">mov</TD><TD ALIGN=""LEFT"">rdi, rax</TD><TD></TD></TR><TR><TD ALIGN=""LEFT"">0x00400a8d&#58;&nbsp;</TD><TD ALIGN=""LEFT"">call</TD><TD ALIGN=""LEFT"">0x400540</TD><TD></TD></TR></TABLE> }>"
55,0,"<{ <TABLE BORDER=""0"" CELLPADDING=""1"" ALIGN=""LEFT""><TR><TD >0x400a92</TD><TD >(0x400a33)</TD><TD ><B>main+0x5f</B></TD><TD></TD></TR></TABLE>|<TABLE BORDER=""0"" CELLPADDING=""1"" ALIGN=""LEFT""><TR><TD ALIGN=""LEFT"">0x00400a92&#58;&nbsp;</TD><TD ALIGN=""LEFT"">mov</TD><TD ALIGN=""LEFT"">dword ptr [rbp - 0x34], eax</TD><TD></TD></TR><TR><TD ALIGN=""LEFT"">0x00400a95&#58;&nbsp;</TD><TD ALIGN=""LEFT"">mov</TD><TD ALIGN=""LEFT"">qword ptr [rbp - 0x28], 0</TD><TD></TD></TR><TR><TD ALIGN=""LEFT"">0x00400a9d&#58;&nbsp;</TD><TD ALIGN=""LEFT"">jmp</TD><TD ALIGN=""LEFT"">0x400ab1</TD><TD></TD></TR></TABLE> }>"
56,0,"<{ <TABLE BORDER=""0"" CELLPADDING=""1"" ALIGN=""LEFT""><TR><TD >0x400ab1</TD><TD >(0x400a33)</TD><TD ><B>main+0x7e</B></TD><TD></TD></TR></TABLE>|<TABLE BORDER=""0"" CELLPADDING=""1"" ALIGN=""LEFT""><TR><TD ALIGN=""LEFT"">0x00400ab1&#58;&nbsp;</TD><TD ALIGN=""LEFT"">cmp</TD><TD ALIGN=""LEFT"">qword ptr [rbp - 0x28], 0x1ffff</TD><TD></TD></TR><TR><TD ALIGN=""LEFT"">0x00400ab9&#58;&nbsp;</TD><TD ALIGN=""LEFT"">jbe</TD><TD ALIGN=""LEFT"">0x400a9f</TD><TD></TD></TR></TABLE> }>"
57,1,"<{ <TABLE BORDER=""0"" CELLPADDING=""1"" ALIGN=""LEFT""><TR><TD >0x400a9f</TD><TD >(0x400a33)</TD><TD ><B>main+0x6c</B></TD><TD></TD></TR></TABLE>|<TABLE BORDER=""0"" CELLPADDING=""1"" ALIGN=""LEFT""><TR><TD ALIGN=""LEFT"">0x00400a9f&#58;&nbsp;</TD><TD ALIGN=""LEFT"">mov</TD><TD ALIGN=""LEFT"">rax, qword ptr [rbp - 0x28]</TD><TD></TD></TR><TR><TD ALIGN=""LEFT"">0x00400aa3&#58;&nbsp;</TD><TD ALIGN=""LEFT"">add</TD><TD ALIGN=""LEFT"">rax, 0x6025e0</TD><TD></TD></TR><TR><TD ALIGN=""LEFT"">0x00400aa9&#58;&nbsp;</TD><TD ALIGN=""LEFT"">mov</TD><TD ALIGN=""LEFT"">byte ptr [rax], 1</TD><TD></TD></TR><TR><TD ALIGN=""LEFT"">0x00400aac&#58;&nbsp;</TD><TD ALIGN=""LEFT"">add</TD><TD ALIGN=""LEFT"">qword ptr [rbp - 0x28], 1</TD><TD></TD></TR></TABLE> }>"
58,0,"<{ <TABLE BORDER=""0"" CELLPADDING=""1"" ALIGN=""LEFT""><TR><TD >0x400abb</TD><TD >(0x400a33)</TD><TD ><B>main+0x88</B></TD><TD></TD></TR></TABLE>|<TABLE BORDER=""0"" CELLPADDING=""1"" ALIGN=""LEFT""><TR><TD ALIGN=""LEFT"">0x00400abb&#58;&nbsp;</TD><TD ALIGN=""LEFT"">cmp</TD><TD ALIGN=""LEFT"">dword ptr [rbp - 0x44], 3</TD><TD></TD></TR><TR><TD ALIGN=""LEFT"">0x00400abf&#58;&nbsp;</TD><TD ALIGN=""LEFT"">jne</TD><TD ALIGN=""LEFT"">0x400b13</TD><TD></TD></TR></TABLE> }>"
59,0,"<{ <TABLE BORDER=""0"" CELLPADDING=""1"" ALIGN=""LEFT""><TR><TD >0x400ac1</TD><TD >(0x400a33)</TD><TD ><B>main+0x8e</B></TD><TD></TD></TR></TABLE>|<TABLE BORDER=""0"" CELLPADDING=""1"" ALIGN=""LEFT""><TR><TD ALIGN=""LEFT"">0x00400ac1&#58;&nbsp;</TD><TD ALIGN=""LEFT"">mov</TD><TD ALIGN=""LEFT"">rax, qword ptr [rbp - 0x50]</TD><TD></TD></TR><TR><TD ALIGN=""LEFT"">0x00400ac5&#58;&nbsp;</TD><TD ALIGN=""LEFT"">add</TD><TD ALIGN=""LEFT"">rax, 8</TD><TD></TD></TR><TR><TD ALIGN=""LEFT"">0x00400ac9&#58;&nbsp;</TD><TD ALIGN=""LEFT"">mov</TD><TD ALIGN=""LEFT"">rax, qword ptr [rax]</TD><TD></TD></TR><TR><TD ALIGN=""LEFT"">0x00400acc&#58;&nbsp;</TD><TD ALIGN=""LEFT"">lea</TD><TD ALIGN=""LEFT"">rdx, [rbp - 0x30]</TD><TD></TD></TR><TR><TD ALIGN=""LEFT"">0x00400ad0&#58;&nbsp;</TD><TD ALIGN=""LEFT"">mov</TD><TD ALIGN=""LEFT"">esi, 0x400d19</TD><TD></TD></TR><TR><TD ALIGN=""LEFT"">0x00400ad5&#58;&nbsp;</TD><TD ALIGN=""LEFT"">mov</TD><TD ALIGN=""LEFT"">rdi, rax</TD><TD></TD></TR><TR><TD ALIGN=""LEFT"">0x00400ad8&#58;&nbsp;</TD><TD ALIGN=""LEFT"">mov</TD><TD ALIGN=""LEFT"">eax, 0</TD><TD></TD></TR><TR><TD ALIGN=""LEFT"">0x00400add&#58;&nbsp;</TD><TD ALIGN=""LEFT"">call</TD><TD ALIGN=""LEFT"">0x400580</TD><TD></TD></TR></TABLE> }>"
60,0,"<{ <TABLE BORDER=""0"" CELLPADDING=""1"" ALIGN=""LEFT""><TR><TD >0x400b13</TD><TD >(0x400a33)</TD><TD ><B>main+0xe0</B></TD><TD></TD></TR></TABLE>|<TABLE BORDER=""0"" CELLPADDING=""1"" ALIGN=""LEFT""><TR><TD ALIGN=""LEFT"">0x00400b13&#58;&nbsp;</TD><TD ALIGN=""LEFT"">mov</TD><TD ALIGN=""LEFT"">eax, dword ptr [rbp - 0x34]</TD><TD></TD></TR><TR><TD ALIGN=""LEFT"">0x00400b16&#58;&nbsp;</TD><TD ALIGN=""LEFT"">mov</TD><TD ALIGN=""LEFT"">esi, eax</TD><TD></TD></TR><TR><TD ALIGN=""LEFT"">0x00400b18&#58;&nbsp;</TD><TD ALIGN=""LEFT"">mov</TD><TD ALIGN=""LEFT"">edi, 0x400d1f</TD><TD></TD></TR><TR><TD ALIGN=""LEFT"">0x00400b1d&#58;&nbsp;</TD><TD ALIGN=""LEFT"">mov</TD><TD ALIGN=""LEFT"">eax, 0</TD><TD></TD></TR><TR><TD ALIGN=""LEFT"">0x00400b22&#58;&nbsp;</TD><TD ALIGN=""LEFT"">call</TD><TD ALIGN=""LEFT"">0x400560</TD><TD></TD></TR></TABLE> }>"
61,0,"<{ <TABLE BORDER=""0"" CELLPADDING=""1"" ALIGN=""LEFT""><TR><TD >0x400ae2</TD><TD >(0x400a33)</TD><TD ><B>main+0xaf</B></TD><TD></TD></TR></TABLE>|<TABLE BORDER=""0"" CELLPADDING=""1"" ALIGN=""LEFT""><TR><TD ALIGN=""LEFT"">0x00400ae2&#58;&nbsp;</TD><TD ALIGN=""LEFT"">mov</TD><TD ALIGN=""LEFT"">rax, qword ptr [rbp - 0x30]</TD><TD></TD></TR><TR><TD ALIGN=""LEFT"">0x00400ae6&#58;&nbsp;</TD><TD ALIGN=""LEFT"">mov</TD><TD ALIGN=""LEFT"">edx, 0x6020a0</TD><TD></TD></TR><TR><TD ALIGN=""LEFT"">0x00400aeb&#58;&nbsp;</TD><TD ALIGN=""LEFT"">sub</TD><TD ALIGN=""LEFT"">rax, rdx</TD><TD></TD></TR><TR><TD ALIGN=""LEFT"">0x00400aee&#58;&nbsp;</TD><TD ALIGN=""LEFT"">mov</TD><TD ALIGN=""LEFT"">qword ptr [rbp - 0x30], rax</TD><TD></TD></TR><TR><TD ALIGN=""LEFT"">0x00400af2&#58;&nbsp;</TD><TD ALIGN=""LEFT"">mov</TD><TD ALIGN=""LEFT"">rax, qword ptr [rbp - 0x50]</TD><TD></TD></TR><TR><TD ALIGN=""LEFT"">0x00400af6&#58;&nbsp;</TD><TD ALIGN=""LEFT"">add</TD><TD ALIGN=""LEFT"">rax, 0x10</TD><TD></TD></TR><TR><TD ALIGN=""LEFT"">0x00400afa&#58;&nbsp;</TD><TD ALIGN=""LEFT"">mov</TD><TD ALIGN=""LEFT"">rax, qword ptr [rax]</TD><TD></TD></TR><TR><TD ALIGN=""LEFT"">0x00400afd&#58;&nbsp;</TD><TD ALIGN=""LEFT"">lea</TD><TD ALIGN=""LEFT"">rdx, [rbp - 0x34]</TD><TD></TD></TR><TR><TD ALIGN=""LEFT"">0x00400b01&#58;&nbsp;</TD><TD ALIGN=""LEFT"">mov</TD><TD ALIGN=""LEFT"">esi, 0x400d1c</TD><TD></TD></TR><TR><TD ALIGN=""LEFT"">0x00400b06&#58;&nbsp;</TD><TD ALIGN=""LEFT"">mov</TD><TD ALIGN=""LEFT"">rdi, rax</TD><TD></TD></TR><TR><TD ALIGN=""LEFT"">0x00400b09&#58;&nbsp;</TD><TD ALIGN=""LEFT"">mov</TD><TD ALIGN=""LEFT"">eax, 0</TD><TD></TD></TR><TR><TD ALIGN=""LEFT"">0x00400b0e&#58;&nbsp;</TD><TD ALIGN=""LEFT"">call</TD><TD ALIGN=""LEFT"">0x400580</TD><TD></TD></TR></TABLE> }>"
62,0,"<{ <TABLE BORDER=""0"" CELLPADDING=""1"" ALIGN=""LEFT""><TR><TD >0x400b27</TD><TD >(0x400a33)</TD><TD ><B>main+0xf4</B></TD><TD></TD></TR></TABLE>|<TABLE BORDER=""0"" CELLPADDING=""1"" ALIGN=""LEFT""><TR><TD ALIGN=""LEFT"">0x00400b27&#58;&nbsp;</TD><TD ALIGN=""LEFT"">jmp</TD><TD ALIGN=""LEFT"">0x400c12</TD><TD></TD></TR></TABLE> }>"
63,0,"<{ <TABLE BORDER=""0"" CELLPADDING=""1"" ALIGN=""LEFT""><TR><TD >0x400c12</TD><TD >(0x400a33)</TD><TD ><B>main+0x1df</B></TD><TD></TD></TR></TABLE>|<TABLE BORDER=""0"" CELLPADDING=""1"" ALIGN=""LEFT""><TR><TD ALIGN=""LEFT"">0x00400c12&#58;&nbsp;</TD><TD ALIGN=""LEFT"">mov</TD><TD ALIGN=""LEFT"">eax, dword ptr [rbp - 0x34]</TD><TD></TD></TR><TR><TD ALIGN=""LEFT"">0x00400c15&#58;&nbsp;</TD><TD ALIGN=""LEFT"">sub</TD><TD ALIGN=""LEFT"">eax, 1</TD><TD></TD></TR><TR><TD ALIGN=""LEFT"">0x00400c18&#58;&nbsp;</TD><TD ALIGN=""LEFT"">mov</TD><TD ALIGN=""LEFT"">dword ptr [rbp - 0x34], eax</TD><TD></TD></TR><TR><TD ALIGN=""LEFT"">0x00400c1b&#58;&nbsp;</TD><TD ALIGN=""LEFT"">mov</TD><TD ALIGN=""LEFT"">eax, dword ptr [rbp - 0x34]</TD><TD></TD></TR><TR><TD ALIGN=""LEFT"">0x00400c1e&#58;&nbsp;</TD><TD ALIGN=""LEFT"">test</TD><TD ALIGN=""LEFT"">eax, eax</TD><TD></TD></TR><TR><TD ALIGN=""LEFT"">0x00400c20&#58;&nbsp;</TD><TD ALIGN=""LEFT"">jns</TD><TD ALIGN=""LEFT"">0x400b2c</TD><TD></TD></TR></TABLE> }>"
64,0,"<{ <TABLE BORDER=""0"" CELLPADDING=""1"" ALIGN=""LEFT""><TR><TD >0x400b2c</TD><TD >(0x400a33)</TD><TD ><B>main+0xf9</B></TD><TD></TD></TR></TABLE>|<TABLE BORDER=""0"" CELLPADDING=""1"" ALIGN=""LEFT""><TR><TD ALIGN=""LEFT"">0x00400b2c&#58;&nbsp;</TD><TD ALIGN=""LEFT"">mov</TD><TD ALIGN=""LEFT"">rax, qword ptr [rbp - 0x30]</TD><TD></TD></TR><TR><TD ALIGN=""LEFT"">0x00400b30&#58;&nbsp;</TD><TD ALIGN=""LEFT"">mov</TD><TD ALIGN=""LEFT"">rsi, rax</TD><TD></TD></TR><TR><TD ALIGN=""LEFT"">0x00400b33&#58;&nbsp;</TD><TD ALIGN=""LEFT"">mov</TD><TD ALIGN=""LEFT"">edi, 0x400d38</TD><TD></TD></TR><TR><TD ALIGN=""LEFT"">0x00400b38&#58;&nbsp;</TD><TD ALIGN=""LEFT"">mov</TD><TD ALIGN=""LEFT"">eax, 0</TD><TD></TD></TR><TR><TD ALIGN=""LEFT"">0x00400b3d&#58;&nbsp;</TD><TD ALIGN=""LEFT"">call</TD><TD ALIGN=""LEFT"">0x400560</TD><TD></TD></TR></TABLE> }>"
65,0,"<{ <TABLE BORDER=""0"" CELLPADDING=""1"" ALIGN=""LEFT""><TR><TD >0x400b42</TD><TD >(0x400a33)</TD><TD ><B>main+0x10f</B></TD><TD></TD></TR></TABLE>|<TABLE BORDER=""0"" CELLPADDING=""1"" ALIGN=""LEFT""><TR><TD ALIGN=""LEFT"">0x00400b42&#58;&nbsp;</TD><TD ALIGN=""LEFT"">mov</TD><TD ALIGN=""LEFT"">rax, qword ptr [rbp - 0x30]</TD><TD></TD></TR><TR><TD ALIGN=""LEFT"">0x00400b46&#58;&nbsp;</TD><TD ALIGN=""LEFT"">lea</TD><TD ALIGN=""LEFT"">rdx, [rax + 1]</TD><TD></TD></TR><TR><TD ALIGN=""LEFT"">0x00400b4a&#58;&nbsp;</TD><TD ALIGN=""LEFT"">mov</TD><TD ALIGN=""LEFT"">qword ptr [rbp - 0x30], rdx</TD><TD></TD></TR><TR><TD ALIGN=""LEFT"">0x00400b4e&#58;&nbsp;</TD><TD ALIGN=""LEFT"">lea</TD><TD ALIGN=""LEFT"">rdx, [rbp - 0x20]</TD><TD></TD></TR><TR><TD ALIGN=""LEFT"">0x00400b52&#58;&nbsp;</TD><TD ALIGN=""LEFT"">lea</TD><TD ALIGN=""LEFT"">rcx, [rbp - 0x10]</TD><TD></TD></TR><TR><TD ALIGN=""LEFT"">0x00400b56&#58;&nbsp;</TD><TD ALIGN=""LEFT"">mov</TD><TD ALIGN=""LEFT"">rsi, rcx</TD><TD></TD></TR><TR><TD ALIGN=""LEFT"">0x00400b59&#58;&nbsp;</TD><TD ALIGN=""LEFT"">mov</TD><TD ALIGN=""LEFT"">rdi, rax</TD><TD></TD></TR><TR><TD ALIGN=""LEFT"">0x00400b5c&#58;&nbsp;</TD><TD ALIGN=""LEFT"">call</TD><TD ALIGN=""LEFT"">0x4006da</TD><TD></TD></TR></TABLE> }>"
66,0,"<{ <TABLE BORDER=""0"" CELLPADDING=""1"" ALIGN=""LEFT""><TR><TD >0x400b6d</TD><TD >(0x400a33)</TD><TD ><B>main+0x13a</B></TD><TD></TD></TR></TABLE>|<TABLE BORDER=""0"" CELLPADDING=""1"" ALIGN=""LEFT""><TR><TD ALIGN=""LEFT"">0x00400b6d&#58;&nbsp;</TD><TD ALIGN=""LEFT"">mov</TD><TD ALIGN=""LEFT"">eax, 0x400d58</TD><TD></TD></TR><TR><TD ALIGN=""LEFT"">0x00400b72&#58;&nbsp;</TD><TD ALIGN=""LEFT"">jmp</TD><TD ALIGN=""LEFT"">0x400b79</TD><TD></TD></TR></TABLE> }>"
67,0,"<{ <TABLE BORDER=""0"" CELLPADDING=""1"" ALIGN=""LEFT""><TR><TD >0x400b74</TD><TD >(0x400a33)</TD><TD ><B>main+0x141</B></TD><TD></TD></TR></TABLE>|<TABLE BORDER=""0"" CELLPADDING=""1"" ALIGN=""LEFT""><TR><TD ALIGN=""LEFT"">0x00400b74&#58;&nbsp;</TD><TD ALIGN=""LEFT"">mov</TD><TD ALIGN=""LEFT"">eax, 0x400d60</TD><TD></TD></TR></TABLE> }>"
68,0,"<{ <TABLE BORDER=""0"" CELLPADDING=""1"" ALIGN=""LEFT""><TR><TD >0x400b79</TD><TD >(0x400a33)</TD><TD ><B>main+0x146</B></TD><TD></TD></TR></TABLE>|<TABLE BORDER=""0"" CELLPADDING=""1"" ALIGN=""LEFT""><TR><TD ALIGN=""LEFT"">0x00400b79&#58;&nbsp;</TD><TD ALIGN=""LEFT"">mov</TD><TD ALIGN=""LEFT"">rsi, rax</TD><TD></TD></TR><TR><TD ALIGN=""LEFT"">0x00400b7c&#58;&nbsp;</TD><TD ALIGN=""LEFT"">mov</TD><TD ALIGN=""LEFT"">edi, 0x400d68</TD><TD></TD></TR><TR><TD ALIGN=""LEFT"">0x00400b81&#58;&nbsp;</TD><TD ALIGN=""LEFT"">mov</TD><TD ALIGN=""LEFT"">eax, 0</TD><TD></TD></TR><TR><TD ALIGN=""LEFT"">0x00400b86&#58;&nbsp;</TD><TD ALIGN=""LEFT"">call</TD><TD ALIGN=""LEFT"">0x400560</TD><TD></TD></TR></TABLE> }>"
69,0,"<{ <TABLE BORDER=""0"" CELLPADDING=""1"" ALIGN=""LEFT""><TR><TD >0x400b8b</TD><TD >(0x400a33)</TD><TD ><B>main+0x158</B></TD><TD></TD></TR></TABLE>|<TABLE BORDER=""0"" CELLPADDING=""1"" ALIGN=""LEFT""><TR><TD ALIGN=""LEFT"">0x00400b8b&#58;&nbsp;</TD><TD ALIGN=""LEFT"">mov</TD><TD ALIGN=""LEFT"">edx, dword ptr [rbp - 0x20]</TD><TD></TD></TR><TR><TD ALIGN=""LEFT"">0x00400b8e&#58;&nbsp;</TD><TD ALIGN=""LEFT"">movzx</TD><TD ALIGN=""LEFT"">eax, byte ptr [rbp - 0x10]</TD><TD></TD></TR><TR><TD ALIGN=""LEFT"">0x00400b92&#58;&nbsp;</TD><TD ALIGN=""LEFT"">cmp</TD><TD ALIGN=""LEFT"">al, 0x1f</TD><TD></TD></TR><TR><TD ALIGN=""LEFT"">0x00400b94&#58;&nbsp;</TD><TD ALIGN=""LEFT"">jbe</TD><TD ALIGN=""LEFT"">0x400ba7</TD><TD></TD></TR></TABLE> }>"
70,0,"<{ <TABLE BORDER=""0"" CELLPADDING=""1"" ALIGN=""LEFT""><TR><TD >0x400b96</TD><TD >(0x400a33)</TD><TD ><B>main+0x163</B></TD><TD></TD></TR></TABLE>|<TABLE BORDER=""0"" CELLPADDING=""1"" ALIGN=""LEFT""><TR><TD ALIGN=""LEFT"">0x00400b96&#58;&nbsp;</TD><TD ALIGN=""LEFT"">movzx</TD><TD ALIGN=""LEFT"">eax, byte ptr [rbp - 0x10]</TD><TD></TD></TR><TR><TD ALIGN=""LEFT"">0x00400b9a&#58;&nbsp;</TD><TD ALIGN=""LEFT"">cmp</TD><TD ALIGN=""LEFT"">al, 0x7e</TD><TD></TD></TR><TR><TD ALIGN=""LEFT"">0x00400b9c&#58;&nbsp;</TD><TD ALIGN=""LEFT"">ja</TD><TD ALIGN=""LEFT"">0x400ba7</TD><TD></TD></TR></TABLE> }>"
71,0,"<{ <TABLE BORDER=""0"" CELLPADDING=""1"" ALIGN=""LEFT""><TR><TD >0x400ba7</TD><TD >(0x400a33)</TD><TD ><B>main+0x174</B></TD><TD></TD></TR></TABLE>|<TABLE BORDER=""0"" CELLPADDING=""1"" ALIGN=""LEFT""><TR><TD ALIGN=""LEFT"">0x00400ba7&#58;&nbsp;</TD><TD ALIGN=""LEFT"">mov</TD><TD ALIGN=""LEFT"">eax, 0x3f</TD><TD></TD></TR></TABLE> }>"
72,0,"<{ <TABLE BORDER=""0"" CELLPADDING=""1"" ALIGN=""LEFT""><TR><TD >0x400b9e</TD><TD >(0x400a33)</TD><TD ><B>main+0x16b</B></TD><TD></TD></TR></TABLE>|<TABLE BORDER=""0"" CELLPADDING=""1"" ALIGN=""LEFT""><TR><TD ALIGN=""LEFT"">0x00400b9e&#58;&nbsp;</TD><TD ALIGN=""LEFT"">movzx</TD><TD ALIGN=""LEFT"">eax, byte ptr [rbp - 0x10]</TD><TD></TD></TR><TR><TD ALIGN=""LEFT"">0x00400ba2&#58;&nbsp;</TD><TD ALIGN=""LEFT"">movzx</TD><TD ALIGN=""LEFT"">eax, al</TD><TD></TD></TR><TR><TD ALIGN=""LEFT"">0x00400ba5&#58;&nbsp;</TD><TD ALIGN=""LEFT"">jmp</TD><TD ALIGN=""LEFT"">0x400bac</TD><TD></TD></TR></TABLE> }>"
73,0,"<{ <TABLE BORDER=""0"" CELLPADDING=""1"" ALIGN=""LEFT""><TR><TD >0x400bac</TD><TD >(0x400a33)</TD><TD ><B>main+0x179</B></TD><TD></TD></TR></TABLE>|<TABLE BORDER=""0"" CELLPADDING=""1"" ALIGN=""LEFT""><TR><TD ALIGN=""LEFT"">0x00400bac&#58;&nbsp;</TD><TD ALIGN=""LEFT"">movzx</TD><TD ALIGN=""LEFT"">ecx, byte ptr [rbp - 0x10]</TD><TD></TD></TR><TR><TD ALIGN=""LEFT"">0x00400bb0&#58;&nbsp;</TD><TD ALIGN=""LEFT"">movzx</TD><TD ALIGN=""LEFT"">esi, cl</TD><TD></TD></TR><TR><TD ALIGN=""LEFT"">0x00400bb3&#58;&nbsp;</TD><TD ALIGN=""LEFT"">mov</TD><TD ALIGN=""LEFT"">ecx, edx</TD><TD></TD></TR><TR><TD ALIGN=""LEFT"">0x00400bb5&#58;&nbsp;</TD><TD ALIGN=""LEFT"">mov</TD><TD ALIGN=""LEFT"">edx, eax</TD><TD></TD></TR><TR><TD ALIGN=""LEFT"">0x00400bb7&#58;&nbsp;</TD><TD ALIGN=""LEFT"">mov</TD><TD ALIGN=""LEFT"">edi, 0x400d6d</TD><TD></TD></TR><TR><TD ALIGN=""LEFT"">0x00400bbc&#58;&nbsp;</TD><TD ALIGN=""LEFT"">mov</TD><TD ALIGN=""LEFT"">eax, 0</TD><TD></TD></TR><TR><TD ALIGN=""LEFT"">0x00400bc1&#58;&nbsp;</TD><TD ALIGN=""LEFT"">call</TD><TD ALIGN=""LEFT"">0x400560</TD><TD></TD></TR></TABLE> }>"
74,0,"<{ <TABLE BORDER=""0"" CELLPADDING=""1"" ALIGN=""LEFT""><TR><TD >0x400bc6</TD><TD >(0x400a33)</TD><TD ><B>main+0x193</B></TD><TD></TD></TR></TABLE>|<TABLE BORDER=""0"" CELLPADDING=""1"" ALIGN=""LEFT""><TR><TD ALIGN=""LEFT"">0x00400bc6&#58;&nbsp;</TD><TD ALIGN=""LEFT"">mov</TD><TD ALIGN=""LEFT"">eax, dword ptr [rbp - 0x1c]</TD><TD></TD></TR><TR><TD ALIGN=""LEFT"">0x00400bc9&#58;&nbsp;</TD><TD ALIGN=""LEFT"">test</TD><TD ALIGN=""LEFT"">eax, eax</TD><TD></TD></TR><TR><TD ALIGN=""LEFT"">0x00400bcb&#58;&nbsp;</TD><TD ALIGN=""LEFT"">jle</TD><TD ALIGN=""LEFT"">0x400c08</TD><TD></TD></TR></TABLE> }>"
75,0,"<{ <TABLE BORDER=""0"" CELLPADDING=""1"" ALIGN=""LEFT""><TR><TD >0x400bcd</TD><TD >(0x400a33)</TD><TD ><B>main+0x19a</B></TD><TD></TD></TR></TABLE>|<TABLE BORDER=""0"" CELLPADDING=""1"" ALIGN=""LEFT""><TR><TD ALIGN=""LEFT"">0x00400bcd&#58;&nbsp;</TD><TD ALIGN=""LEFT"">mov</TD><TD ALIGN=""LEFT"">edx, dword ptr [rbp - 0x1c]</TD><TD></TD></TR><TR><TD ALIGN=""LEFT"">0x00400bd0&#58;&nbsp;</TD><TD ALIGN=""LEFT"">movzx</TD><TD ALIGN=""LEFT"">eax, byte ptr [rbp - 0xf]</TD><TD></TD></TR><TR><TD ALIGN=""LEFT"">0x00400bd4&#58;&nbsp;</TD><TD ALIGN=""LEFT"">cmp</TD><TD ALIGN=""LEFT"">al, 0x1f</TD><TD></TD></TR><TR><TD ALIGN=""LEFT"">0x00400bd6&#58;&nbsp;</TD><TD ALIGN=""LEFT"">jbe</TD><TD ALIGN=""LEFT"">0x400be9</TD><TD></TD></TR></TABLE> }>"
76,0,"<{ <TABLE BORDER=""0"" CELLPADDING=""1"" ALIGN=""LEFT""><TR><TD >0x400c08</TD><TD >(0x400a33)</TD><TD ><B>main+0x1d5</B></TD><TD></TD></TR></TABLE>|<TABLE BORDER=""0"" CELLPADDING=""1"" ALIGN=""LEFT""><TR><TD ALIGN=""LEFT"">0x00400c08&#58;&nbsp;</TD><TD ALIGN=""LEFT"">mov</TD><TD ALIGN=""LEFT"">edi, 0xa</TD><TD></TD></TR><TR><TD ALIGN=""LEFT"">0x00400c0d&#58;&nbsp;</TD><TD ALIGN=""LEFT"">call</TD><TD ALIGN=""LEFT"">0x400530</TD><TD></TD></TR></TABLE> }>"
77,0,"<{ <TABLE BORDER=""0"" CELLPADDING=""1"" ALIGN=""LEFT""><TR><TD >0x400bd8</TD><TD >(0x400a33)</TD><TD ><B>main+0x1a5</B></TD><TD></TD></TR></TABLE>|<TABLE BORDER=""0"" CELLPADDING=""1"" ALIGN=""LEFT""><TR><TD ALIGN=""LEFT"">0x00400bd8&#58;&nbsp;</TD><TD ALIGN=""LEFT"">movzx</TD><TD ALIGN=""LEFT"">eax, byte ptr [rbp - 0xf]</TD><TD></TD></TR><TR><TD ALIGN=""LEFT"">0x00400bdc&#58;&nbsp;</TD><TD ALIGN=""LEFT"">cmp</TD><TD ALIGN=""LEFT"">al, 0x7e</TD><TD></TD></TR><TR><TD ALIGN=""LEFT"">0x00400bde&#58;&nbsp;</TD><TD ALIGN=""LEFT"">ja</TD><TD ALIGN=""LEFT"">0x400be9</TD><TD></TD></TR></TABLE> }>"
78,0,"<{ <TABLE BORDER=""0"" CELLPADDING=""1"" ALIGN=""LEFT""><TR><TD >0x400be9</TD><TD >(0x400a33)</TD><TD ><B>main+0x1b6</B></TD><TD></TD></TR></TABLE>|<TABLE BORDER=""0"" CELLPADDING=""1"" ALIGN=""LEFT""><TR><TD ALIGN=""LEFT"">0x00400be9&#58;&nbsp;</TD><TD ALIGN=""LEFT"">mov</TD><TD ALIGN=""LEFT"">eax, 0x3f</TD><TD></TD></TR></TABLE> }>"
79,0,"<{ <TABLE BORDER=""0"" CELLPADDING=""1"" ALIGN=""LEFT""><TR><TD >0x400be0</TD><TD >(0x400a33)</TD><TD ><B>main+0x1ad</B></TD><TD></TD></TR></TABLE>|<TABLE BORDER=""0"" CELLPADDING=""1"" ALIGN=""LEFT""><TR><TD ALIGN=""LEFT"">0x00400be0&#58;&nbsp;</TD><TD ALIGN=""LEFT"">movzx</TD><TD ALIGN=""LEFT"">eax, byte ptr [rbp - 0xf]</TD><TD></TD></TR><TR><TD ALIGN=""LEFT"">0x00400be4&#58;&nbsp;</TD><TD ALIGN=""LEFT"">movzx</TD><TD ALIGN=""LEFT"">eax, al</TD><TD></TD></TR><TR><TD ALIGN=""LEFT"">0x00400be7&#58;&nbsp;</TD><TD ALIGN=""LEFT"">jmp</TD><TD ALIGN=""LEFT"">0x400bee</TD><TD></TD></TR></TABLE> }>"
80,0,"<{ <TABLE BORDER=""0"" CELLPADDING=""1"" ALIGN=""LEFT""><TR><TD >0x400bee</TD><TD >(0x400a33)</TD><TD ><B>main+0x1bb</B></TD><TD></TD></TR></TABLE>|<TABLE BORDER=""0"" CELLPADDING=""1"" ALIGN=""LEFT""><TR><TD ALIGN=""LEFT"">0x00400bee&#58;&nbsp;</TD><TD ALIGN=""LEFT"">movzx</TD><TD ALIGN=""LEFT"">ecx, byte ptr [rbp - 0xf]</TD><TD></TD></TR><TR><TD ALIGN=""LEFT"">0x00400bf2&#58;&nbsp;</TD><TD ALIGN=""LEFT"">movzx</TD><TD ALIGN=""LEFT"">esi, cl</TD><TD></TD></TR><TR><TD ALIGN=""LEFT"">0x00400bf5&#58;&nbsp;</TD><TD ALIGN=""LEFT"">mov</TD><TD ALIGN=""LEFT"">ecx, edx</TD><TD></TD></TR><TR><TD ALIGN=""LEFT"">0x00400bf7&#58;&nbsp;</TD><TD ALIGN=""LEFT"">mov</TD><TD ALIGN=""LEFT"">edx, eax</TD><TD></TD></TR><TR><TD ALIGN=""LEFT"">0x00400bf9&#58;&nbsp;</TD><TD ALIGN=""LEFT"">mov</TD><TD ALIGN=""LEFT"">edi, 0x400d88</TD><TD></TD></TR><TR><TD ALIGN=""LEFT"">0x00400bfe&#58;&nbsp;</TD><TD ALIGN=""LEFT"">mov</TD><TD ALIGN=""LEFT"">eax, 0</TD><TD></TD></TR><TR><TD ALIGN=""LEFT"">0x00400c03&#58;&nbsp;</TD><TD ALIGN=""LEFT"">call</TD><TD ALIGN=""LEFT"">0x400560</TD><TD></TD></TR></TABLE> }>"
81,0,"<{ <TABLE BORDER=""0"" CELLPADDING=""1"" ALIGN=""LEFT""><TR><TD >0x400c26</TD><TD >(0x400a33)</TD><TD ><B>main+0x1f3</B></TD><TD></TD></TR></TABLE>|<TABLE BORDER=""0"" CELLPADDING=""1"" ALIGN=""LEFT""><TR><TD ALIGN=""LEFT"">0x00400c26&#58;&nbsp;</TD><TD ALIGN=""LEFT"">mov</TD><TD ALIGN=""LEFT"">eax, 0</TD><TD></TD></TR><TR><TD ALIGN=""LEFT"">0x00400c2b&#58;&nbsp;</TD><TD ALIGN=""LEFT"">mov</TD><TD ALIGN=""LEFT"">rcx, qword ptr [rbp - 8]</TD><TD></TD></TR><TR><TD ALIGN=""LEFT"">0x00400c2f&#58;&nbsp;</TD><TD ALIGN=""LEFT"">xor</TD><TD ALIGN=""LEFT"">rcx, qword ptr fs&#58;[0x28]</TD><TD></TD></TR><TR><TD ALIGN=""LEFT"">0x00400c38&#58;&nbsp;</TD><TD ALIGN=""LEFT"">je</TD><TD ALIGN=""LEFT"">0x400c3f</TD><TD></TD></TR></TABLE> }>"
82,0,"<{ <TABLE BORDER=""0"" CELLPADDING=""1"" ALIGN=""LEFT""><TR><TD >0x400c3a</TD><TD >(0x400a33)</TD><TD ><B>main+0x207</B></TD><TD></TD></TR></TABLE>|<TABLE BORDER=""0"" CELLPADDING=""1"" ALIGN=""LEFT""><TR><TD ALIGN=""LEFT"">0x00400c3a&#58;&nbsp;</TD><TD ALIGN=""LEFT"">call</TD><TD ALIGN=""LEFT"">0x400550</TD><TD></TD></TR></TABLE> }>"
83,0,"<{ <TABLE BORDER=""0"" CELLPADDING=""1"" ALIGN=""LEFT""><TR><TD >0x400c3f</TD><TD >(0x400a33)</TD><TD ><B>main+0x20c</B></TD><TD></TD></TR></TABLE>|<TABLE BORDER=""0"" CELLPADDING=""1"" ALIGN=""LEFT""><TR><TD ALIGN=""LEFT"">0x00400c3f&#58;&nbsp;</TD><TD ALIGN=""LEFT"">leave</TD><TD></TD><TD></TD></TR><TR><TD ALIGN=""LEFT"">0x00400c40&#58;&nbsp;</TD><TD ALIGN=""LEFT"">ret</TD><TD></TD><TD></TD></TR></TABLE> }>"
